cameraID,imageName,Class,sign_type,viewpoint,shape_confidence
c004,000001.jpg,trafficsignal,rectangular,front,0.7
c004,000002.jpg,Container,,,
c004,000003.jpg,trafficsignal,other,front,0.3
c004,000004.jpg,trafficsignal,rectangular,front,0.8
c004,000005.jpg,trafficsignal,circular,front,0.779627891176569
c004,000006.jpg,Container,,,
c004,000007.jpg,trafficsignal,circular,front,0.6755294452490518
c004,000008.jpg,trafficsignal,rectangular,front,0.7
c004,000009.jpg,trafficsignal,rectangular,front,0.7
c004,000010.jpg,trafficsignal,rectangular,front,0.63
c004,000011.jpg,Crosswalk,,,
c004,000012.jpg,trafficsignal,rectangular,front,0.63
c004,000013.jpg,trafficsignal,rectangular,front,0.5850000000000001
c004,000014.jpg,Crosswalk,,,
c004,000015.jpg,trafficsignal,rectangular,front,0.7
c004,000016.jpg,RubbishBins,,,
c004,000017.jpg,trafficsignal,other,front,0.3
c004,000018.jpg,Crosswalk,,,
c004,000019.jpg,Container,,,
c004,000020.jpg,RubbishBins,,,
c004,000021.jpg,trafficsignal,circular,front,0.7853981633974483
c004,000022.jpg,trafficsignal,rectangular,front,0.63
c004,000023.jpg,trafficsignal,circular,front,0.6926501697527369
c004,000024.jpg,Container,,,
c004,000025.jpg,trafficsignal,circular,front,0.7068583470577035
c004,000026.jpg,Crosswalk,,,
c004,000027.jpg,trafficsignal,rectangular,front,0.8
c004,000028.jpg,trafficsignal,rectangular,front,0.65
c004,000029.jpg,Crosswalk,,,
c004,000030.jpg,trafficsignal,sign_back,back,0.85
c004,000031.jpg,trafficsignal,rectangular,front,0.8
c004,000032.jpg,RubbishBins,,,
c004,000033.jpg,Crosswalk,,,
c004,000034.jpg,trafficsignal,octagonal,front,0.8
c004,000035.jpg,Container,,,
c004,000036.jpg,trafficsignal,circular,front,0.6911368636106956
c004,000037.jpg,trafficsignal,rectangular,front,0.8
c004,000038.jpg,Container,,,
c004,000039.jpg,trafficsignal,other,front,0.3
c004,000040.jpg,Container,,,
c004,000041.jpg,Crosswalk,,,
c004,000042.jpg,trafficsignal,circular,front,0.835459727048874
c004,000043.jpg,trafficsignal,circular,front,0.7558298208681168
c004,000044.jpg,trafficsignal,circular,front,0.7314168776340737
c004,000045.jpg,trafficsignal,rectangular,front,0.5850000000000001
c004,000046.jpg,trafficsignal,sign_back,back,0.85
c004,000047.jpg,Crosswalk,,,
c004,000048.jpg,trafficsignal,circular,front,0.7829740949919006
c004,000049.jpg,Container,,,
c004,000050.jpg,trafficsignal,circular,front,0.7853981633974483
c004,000051.jpg,trafficsignal,rectangular,front,0.7
c004,000052.jpg,Container,,,
c004,000053.jpg,trafficsignal,rectangular,front,0.63
c004,000054.jpg,RubbishBins,,,
c004,000055.jpg,Container,,,
c004,000056.jpg,Container,,,
c004,000057.jpg,trafficsignal,circular,front,0.7539822368615504
c004,000058.jpg,Crosswalk,,,
c004,000059.jpg,Crosswalk,,,
c004,000060.jpg,trafficsignal,circular,front,0.7853981633974483
c004,000061.jpg,Crosswalk,,,
c004,000062.jpg,trafficsignal,circular,front,0.7509918620263324
c004,000063.jpg,trafficsignal,circular,front,0.7993395328521729
c004,000064.jpg,Crosswalk,,,
c004,000065.jpg,trafficsignal,rectangular,front,0.63
c004,000066.jpg,trafficsignal,circular,front,0.6049587862601187
c004,000067.jpg,Container,,,
c004,000068.jpg,trafficsignal,circular,front,0.7022351526885257
c004,000069.jpg,trafficsignal,rectangular,front,0.5850000000000001
c004,000070.jpg,RubbishBins,,,
c004,000071.jpg,Container,,,
c004,000072.jpg,Crosswalk,,,
c004,000073.jpg,Container,,,
c004,000074.jpg,Container,,,
c004,000075.jpg,trafficsignal,rectangular,front,0.7
c004,000076.jpg,Container,,,
c004,000077.jpg,trafficsignal,rectangular,front,0.7
c004,000078.jpg,trafficsignal,rectangular,front,0.63
c004,000079.jpg,trafficsignal,rectangular,front,0.5850000000000001
c004,000080.jpg,Crosswalk,,,
c004,000081.jpg,trafficsignal,rectangular,front,0.7
c004,000082.jpg,trafficsignal,sign_back,back,0.85
c004,000083.jpg,trafficsignal,rectangular,front,0.5850000000000001
c004,000084.jpg,trafficsignal,circular,front,0.7156237454933797
c004,000085.jpg,trafficsignal,circular,front,0.6862539098144985
c004,000086.jpg,trafficsignal,triangular,front,0.7871841430664063
c004,000087.jpg,trafficsignal,rectangular,front,0.63
c004,000088.jpg,trafficsignal,circular,front,0.6785840131753954
c004,000089.jpg,trafficsignal,rectangular,front,0.8
c004,000090.jpg,trafficsignal,rectangular,front,0.7
c004,000091.jpg,Crosswalk,,,
c004,000092.jpg,Container,,,
c004,000093.jpg,trafficsignal,circular,front,0.6510236354175688
c004,000094.jpg,Container,,,
c004,000095.jpg,trafficsignal,rectangular,front,0.7
c004,000096.jpg,trafficsignal,circular,front,0.7821290763489678
c004,000097.jpg,trafficsignal,circular,front,0.6898023833881644
c004,000098.jpg,Container,,,
c004,000099.jpg,RubbishBins,,,
c004,000100.jpg,trafficsignal,rectangular,front,0.54
c004,000101.jpg,Crosswalk,,,
c004,000102.jpg,trafficsignal,rectangular,front,0.63
c004,000103.jpg,RubbishBins,,,
c004,000104.jpg,Crosswalk,,,
c004,000105.jpg,trafficsignal,rectangular,front,0.5850000000000001
c004,000106.jpg,trafficsignal,rectangular,front,0.63
c004,000107.jpg,RubbishBins,,,
c004,000108.jpg,RubbishBins,,,
c004,000109.jpg,Container,,,
c004,000110.jpg,trafficsignal,rectangular,front,0.7
c004,000111.jpg,trafficsignal,rectangular,front,0.63
c004,000112.jpg,trafficsignal,circular,front,0.710362125448427
c004,000113.jpg,trafficsignal,circular,front,0.7836172151811276
c004,000114.jpg,trafficsignal,rectangular,front,0.7
c004,000115.jpg,trafficsignal,circular,front,0.7137009200690729
c004,000116.jpg,trafficsignal,circular,front,0.7068583470577035
c004,000117.jpg,Container,,,
c004,000118.jpg,trafficsignal,rectangular,front,0.65
c004,000119.jpg,trafficsignal,circular,front,0.7545323865739262
c004,000120.jpg,trafficsignal,rectangular,front,0.7
c004,000121.jpg,RubbishBins,,,
c004,000122.jpg,trafficsignal,rectangular,front,0.65
c004,000123.jpg,trafficsignal,circular,front,0.5925903100800065
c004,000124.jpg,Container,,,
c004,000125.jpg,trafficsignal,rectangular,front,0.65
c004,000126.jpg,trafficsignal,rectangular,front,0.65
c004,000127.jpg,RubbishBins,,,
c004,000128.jpg,trafficsignal,other,front,0.3
c004,000129.jpg,trafficsignal,rectangular,front,0.8
c004,000130.jpg,RubbishBins,,,
c004,000131.jpg,trafficsignal,circular,front,0.7649347510687603
c004,000132.jpg,trafficsignal,rectangular,front,0.8
c004,000133.jpg,trafficsignal,octagonal,front,0.7200000000000001
c004,000134.jpg,Crosswalk,,,
c004,000135.jpg,trafficsignal,circular,front,0.7726760113291921
c004,000136.jpg,trafficsignal,circular,front,0.7896313926930614
c004,000137.jpg,RubbishBins,,,
c004,000138.jpg,trafficsignal,rectangular,front,0.7
c004,000139.jpg,trafficsignal,circular,front,0.7050912011900592
c004,000140.jpg,RubbishBins,,,
c004,000141.jpg,Crosswalk,,,
c004,000142.jpg,trafficsignal,rectangular,front,0.65
c004,000143.jpg,Container,,,
c004,000144.jpg,trafficsignal,circular,front,0.7764370322770593
c004,000145.jpg,trafficsignal,circular,front,0.95
c004,000146.jpg,Container,,,
c004,000147.jpg,RubbishBins,,,
c004,000148.jpg,Container,,,
c004,000149.jpg,Container,,,
c004,000150.jpg,trafficsignal,rectangular,front,0.65
c004,000151.jpg,trafficsignal,rectangular,front,0.63
c004,000152.jpg,trafficsignal,other,front,0.3
c004,000153.jpg,RubbishBins,,,
c004,000154.jpg,trafficsignal,circular,front,0.706072948894306
c004,000155.jpg,RubbishBins,,,
c004,000156.jpg,trafficsignal,rectangular,front,0.5850000000000001
c004,000157.jpg,trafficsignal,rectangular,front,0.63
c004,000158.jpg,trafficsignal,circular,front,0.8009942582464917
c004,000159.jpg,trafficsignal,rectangular,front,0.8
c004,000160.jpg,RubbishBins,,,
c004,000161.jpg,trafficsignal,other,front,0.3
c004,000162.jpg,RubbishBins,,,
c004,000163.jpg,trafficsignal,rectangular,front,0.7
c004,000164.jpg,RubbishBins,,,
c004,000165.jpg,trafficsignal,rectangular,front,0.65
c004,000166.jpg,trafficsignal,circular,front,0.706655285194142
c004,000167.jpg,trafficsignal,other,front,0.3
c004,000168.jpg,Container,,,
c004,000169.jpg,trafficsignal,rectangular,front,0.5850000000000001
c004,000170.jpg,trafficsignal,circular,front,0.95
c004,000171.jpg,trafficsignal,circular,front,0.7249851030485094
c004,000172.jpg,Container,,,
c004,000173.jpg,Crosswalk,,,
c004,000174.jpg,trafficsignal,circular,front,0.7846311730035055
c004,000175.jpg,Container,,,
c004,000176.jpg,trafficsignal,other,front,0.3
c004,000177.jpg,trafficsignal,circular,front,0.7127855191909227
c004,000178.jpg,trafficsignal,rectangular,front,0.63
c004,000179.jpg,trafficsignal,circular,front,0.7745243702555786
c004,000180.jpg,trafficsignal,circular,front,0.6291632956032818
c004,000181.jpg,trafficsignal,circular,front,0.7068583470577035
c004,000182.jpg,trafficsignal,rectangular,front,0.63
c004,000183.jpg,trafficsignal,rectangular,front,0.63
c004,000184.jpg,trafficsignal,rectangular,front,0.65
c004,000185.jpg,trafficsignal,rectangular,front,0.63
c004,000186.jpg,trafficsignal,circular,front,0.7709136065050399
c004,000187.jpg,Crosswalk,,,
c004,000188.jpg,trafficsignal,octagonal,front,0.7200000000000001
c004,000189.jpg,trafficsignal,rectangular,front,0.7
c004,000190.jpg,Container,,,
c004,000191.jpg,Container,,,
c004,000192.jpg,RubbishBins,,,
c004,000193.jpg,trafficsignal,circular,front,0.7735773819234868
c004,000194.jpg,trafficsignal,circular,front,0.7656103900361971
c004,000195.jpg,trafficsignal,circular,front,0.95
c004,000196.jpg,trafficsignal,rectangular,front,0.65
c004,000197.jpg,Container,,,
c004,000198.jpg,trafficsignal,other,front,0.3
c004,000199.jpg,Crosswalk,,,
c004,000200.jpg,trafficsignal,rectangular,front,0.63
c004,000201.jpg,Container,,,
c004,000202.jpg,RubbishBins,,,
c004,000203.jpg,trafficsignal,rectangular,front,0.7
c004,000204.jpg,Container,,,
c004,000205.jpg,Container,,,
c004,000206.jpg,trafficsignal,circular,front,0.770455986685963
c004,000207.jpg,trafficsignal,rectangular,front,0.5850000000000001
c004,000208.jpg,trafficsignal,circular,front,0.7066407852395878
c004,000209.jpg,trafficsignal,octagonal,front,0.7200000000000001
c004,000210.jpg,Container,,,
c004,000211.jpg,Crosswalk,,,
c004,000212.jpg,trafficsignal,other,front,0.3
c004,000213.jpg,RubbishBins,,,
c004,000214.jpg,Crosswalk,,,
c004,000215.jpg,trafficsignal,rectangular,front,0.7
c004,000216.jpg,trafficsignal,circular,front,0.7111258187127195
c004,000217.jpg,trafficsignal,circular,front,0.7067904060401086
c004,000218.jpg,trafficsignal,rectangular,front,0.7
c004,000219.jpg,RubbishBins,,,
c004,000220.jpg,trafficsignal,rectangular,front,0.63
c004,000221.jpg,trafficsignal,rectangular,front,0.65
c004,000222.jpg,RubbishBins,,,
c004,000223.jpg,trafficsignal,rectangular,front,0.63
c004,000224.jpg,trafficsignal,circular,front,0.7056976636276747
c004,000225.jpg,RubbishBins,,,
c004,000226.jpg,trafficsignal,rectangular,front,0.63
c004,000227.jpg,trafficsignal,rectangular,front,0.7
c004,000228.jpg,trafficsignal,circular,front,0.706563945413781
c004,000229.jpg,trafficsignal,rectangular,front,0.63
c004,000230.jpg,Container,,,
c004,000231.jpg,Container,,,
c004,000232.jpg,trafficsignal,rectangular,front,0.7
c004,000233.jpg,trafficsignal,rectangular,front,0.5850000000000001
c004,000234.jpg,trafficsignal,circular,front,0.7066067064927132
c004,000235.jpg,Container,,,
c004,000236.jpg,RubbishBins,,,
c004,000237.jpg,trafficsignal,rectangular,front,0.7
c004,000238.jpg,trafficsignal,rectangular,front,0.63
c004,000239.jpg,trafficsignal,rectangular,front,0.63
c004,000240.jpg,trafficsignal,circular,front,0.6877422035864431
c004,000241.jpg,trafficsignal,rectangular,front,0.8
c004,000242.jpg,RubbishBins,,,
c004,000243.jpg,trafficsignal,rectangular,front,0.63
c004,000244.jpg,Container,,,
c004,000245.jpg,trafficsignal,rectangular,front,0.5850000000000001
c004,000246.jpg,trafficsignal,other,front,0.3
c004,000247.jpg,trafficsignal,circular,front,0.7273994507026037
c004,000248.jpg,trafficsignal,rectangular,front,0.65
c004,000249.jpg,trafficsignal,circular,front,0.6416685971635916
c004,000250.jpg,trafficsignal,rectangular,front,0.7
c004,000251.jpg,Crosswalk,,,
c004,000252.jpg,Container,,,
c004,000253.jpg,trafficsignal,rectangular,front,0.63
c004,000254.jpg,trafficsignal,rectangular,front,0.63
c004,000255.jpg,trafficsignal,rectangular,front,0.7
c004,000256.jpg,trafficsignal,circular,front,0.7725835852099687
c004,000257.jpg,trafficsignal,circular,front,0.7801213684270274
c004,000258.jpg,Container,,,
c004,000259.jpg,Container,,,
c004,000260.jpg,Container,,,
c004,000261.jpg,trafficsignal,rectangular,front,0.7
c004,000262.jpg,trafficsignal,rectangular,front,0.63
c004,000263.jpg,trafficsignal,rectangular,front,0.7
c004,000264.jpg,Container,,,
c004,000265.jpg,trafficsignal,rectangular,front,0.7
c004,000266.jpg,trafficsignal,rectangular,front,0.7
c004,000267.jpg,trafficsignal,rectangular,front,0.7
c004,000268.jpg,Crosswalk,,,
c004,000269.jpg,trafficsignal,rectangular,front,0.5850000000000001
c004,000270.jpg,trafficsignal,rectangular,front,0.5850000000000001
c004,000271.jpg,trafficsignal,circular,front,0.7221506268559112
c004,000272.jpg,Crosswalk,,,
c004,000273.jpg,Container,,,
c004,000274.jpg,trafficsignal,circular,front,0.7630154995115321
c004,000275.jpg,trafficsignal,rectangular,front,0.5850000000000001
c004,000276.jpg,trafficsignal,rectangular,front,0.5850000000000001
c004,000277.jpg,trafficsignal,circular,front,0.95
c004,000278.jpg,RubbishBins,,,
c004,000279.jpg,trafficsignal,circular,front,0.8278180855492443
c004,000280.jpg,Crosswalk,,,
c004,000281.jpg,trafficsignal,rectangular,front,0.7
c004,000282.jpg,Container,,,
c004,000283.jpg,trafficsignal,rectangular,front,0.5850000000000001
c004,000284.jpg,trafficsignal,rectangular,front,0.63
c004,000285.jpg,trafficsignal,circular,front,0.6500791811337913
c004,000286.jpg,Container,,,
c004,000287.jpg,trafficsignal,rectangular,front,0.5850000000000001
c004,000288.jpg,trafficsignal,circular,front,0.7853981633974483
c004,000289.jpg,trafficsignal,rectangular,front,0.8
c004,000290.jpg,trafficsignal,rectangular,front,0.8
c004,000291.jpg,trafficsignal,rectangular,front,0.8
c004,000292.jpg,trafficsignal,rectangular,front,0.7
c004,000293.jpg,trafficsignal,circular,front,0.7068583470577035
c004,000294.jpg,Crosswalk,,,
c004,000295.jpg,trafficsignal,circular,front,0.6652082446612367
c004,000296.jpg,trafficsignal,circular,front,0.7986217077457293
c004,000297.jpg,Container,,,
c004,000298.jpg,trafficsignal,circular,front,0.6807527597271158
c004,000299.jpg,Container,,,
c004,000300.jpg,Container,,,
c004,000301.jpg,trafficsignal,rectangular,front,0.5850000000000001
c004,000302.jpg,trafficsignal,rectangular,front,0.7
c004,000303.jpg,Container,,,
c004,000304.jpg,trafficsignal,rectangular,front,0.7
c004,000305.jpg,trafficsignal,rectangular,front,0.63
c004,000306.jpg,trafficsignal,rectangular,front,0.63
c004,000307.jpg,trafficsignal,rectangular,front,0.7
c004,000308.jpg,Container,,,
c004,000309.jpg,RubbishBins,,,
c004,000310.jpg,Container,,,
c004,000311.jpg,RubbishBins,,,
c004,000312.jpg,trafficsignal,rectangular,front,0.63
c004,000313.jpg,trafficsignal,rectangular,front,0.8
c004,000314.jpg,trafficsignal,other,front,0.3
c004,000315.jpg,trafficsignal,rectangular,front,0.63
c004,000316.jpg,trafficsignal,circular,front,0.7853981633974482
c004,000317.jpg,Container,,,
c004,000318.jpg,trafficsignal,rectangular,front,0.8
c004,000319.jpg,trafficsignal,rectangular,front,0.65
c004,000320.jpg,trafficsignal,rectangular,front,0.7
c004,000321.jpg,trafficsignal,rectangular,front,0.7
c004,000322.jpg,Crosswalk,,,
c004,000323.jpg,trafficsignal,circular,front,0.7853981633974483
c004,000324.jpg,trafficsignal,circular,front,0.95
c004,000325.jpg,RubbishBins,,,
c004,000326.jpg,Container,,,
c004,000327.jpg,Crosswalk,,,
c004,000328.jpg,trafficsignal,rectangular,front,0.5850000000000001
c004,000329.jpg,trafficsignal,rectangular,front,0.8
c004,000330.jpg,Container,,,
c004,000331.jpg,Container,,,
c004,000332.jpg,Container,,,
c004,000333.jpg,trafficsignal,circular,front,0.95
c004,000334.jpg,Container,,,
c004,000335.jpg,trafficsignal,other,front,0.3
c004,000336.jpg,trafficsignal,rectangular,front,0.63
c004,000337.jpg,trafficsignal,circular,front,0.6116555091436929
c004,000338.jpg,Container,,,
c004,000339.jpg,trafficsignal,circular,front,0.6872233929727672
c004,000340.jpg,Container,,,
c004,000341.jpg,Container,,,
c004,000342.jpg,Container,,,
c004,000343.jpg,trafficsignal,circular,front,0.7697660587999516
c004,000344.jpg,RubbishBins,,,
c004,000345.jpg,trafficsignal,rectangular,front,0.8
c004,000346.jpg,RubbishBins,,,
c004,000347.jpg,RubbishBins,,,
c004,000348.jpg,Container,,,
c004,000349.jpg,trafficsignal,circular,front,0.708819141129237
c004,000350.jpg,trafficsignal,circular,front,0.7067008825116893
c004,000351.jpg,RubbishBins,,,
c004,000352.jpg,Container,,,
c004,000353.jpg,trafficsignal,circular,front,0.7996102333068849
c004,000354.jpg,Container,,,
c004,000355.jpg,trafficsignal,rectangular,front,0.7
c004,000356.jpg,trafficsignal,other,front,0.3
c004,000357.jpg,trafficsignal,rectangular,front,0.63
c004,000358.jpg,Crosswalk,,,
c004,000359.jpg,trafficsignal,circular,front,0.6815580848182385
c004,000360.jpg,RubbishBins,,,
c004,000361.jpg,Container,,,
c004,000362.jpg,trafficsignal,circular,front,0.7063420151752654
c004,000363.jpg,trafficsignal,rectangular,front,0.7
c004,000364.jpg,trafficsignal,rectangular,front,0.63
c004,000365.jpg,Container,,,
c004,000366.jpg,Container,,,
c004,000367.jpg,trafficsignal,other,front,0.3
c004,000368.jpg,trafficsignal,rectangular,front,0.5850000000000001
c004,000369.jpg,trafficsignal,circular,front,0.706168055703155
c004,000370.jpg,Container,,,
c004,000371.jpg,trafficsignal,rectangular,front,0.7
c004,000372.jpg,trafficsignal,rectangular,front,0.5850000000000001
c004,000373.jpg,Container,,,
c004,000374.jpg,RubbishBins,,,
c004,000375.jpg,Crosswalk,,,
c004,000376.jpg,trafficsignal,rectangular,front,0.7
c004,000377.jpg,trafficsignal,other,front,0.3
c004,000378.jpg,trafficsignal,circular,front,0.7068583470577035
c004,000379.jpg,trafficsignal,circular,front,0.7828335979659464
c004,000380.jpg,trafficsignal,rectangular,front,0.63
c004,000381.jpg,trafficsignal,circular,front,0.7068583470577035
c004,000382.jpg,RubbishBins,,,
c004,000383.jpg,trafficsignal,circular,front,0.6915381269886447
c004,000384.jpg,Crosswalk,,,
c004,000385.jpg,trafficsignal,rectangular,front,0.63
c004,000386.jpg,Container,,,
c004,000387.jpg,trafficsignal,other,front,0.3
c004,000388.jpg,Crosswalk,,,
c004,000389.jpg,trafficsignal,rectangular,front,0.7
c004,000390.jpg,Crosswalk,,,
c004,000391.jpg,trafficsignal,circular,front,0.7644629353851881
c004,000392.jpg,trafficsignal,rectangular,front,0.7200000000000001
c004,000393.jpg,trafficsignal,circular,front,0.783935656557175
c004,000394.jpg,trafficsignal,octagonal,front,0.8
c004,000395.jpg,Crosswalk,,,
c004,000396.jpg,Crosswalk,,,
c004,000397.jpg,Crosswalk,,,
c004,000398.jpg,trafficsignal,rectangular,front,0.7
c004,000399.jpg,trafficsignal,rectangular,front,0.65
c004,000400.jpg,trafficsignal,rectangular,front,0.8
c004,000401.jpg,trafficsignal,rectangular,front,0.7
c004,000402.jpg,trafficsignal,circular,front,0.6942035738700181
c004,000403.jpg,Container,,,
c004,000404.jpg,trafficsignal,circular,front,0.7853781291062436
c004,000405.jpg,Crosswalk,,,
c004,000406.jpg,trafficsignal,circular,front,0.6026501300430979
c004,000407.jpg,trafficsignal,rectangular,front,0.63
c004,000408.jpg,trafficsignal,rectangular,front,0.8
c004,000409.jpg,trafficsignal,rectangular,front,0.63
c004,000410.jpg,trafficsignal,circular,front,0.7068583470577033
c004,000411.jpg,trafficsignal,circular,front,0.7068583470577035
c004,000412.jpg,trafficsignal,octagonal,front,0.8
c004,000413.jpg,Crosswalk,,,
c004,000414.jpg,Container,,,
c004,000415.jpg,RubbishBins,,,
c004,000416.jpg,trafficsignal,inverted_triangle,front,0.7552999019622804
c004,000417.jpg,Container,,,
c004,000418.jpg,trafficsignal,other,front,0.3
c004,000419.jpg,Crosswalk,,,
c004,000420.jpg,trafficsignal,rectangular,front,0.7
c004,000421.jpg,trafficsignal,circular,front,0.7819075048934596
c004,000422.jpg,trafficsignal,other,front,0.3
c004,000423.jpg,trafficsignal,circular,front,0.6867917532840244
c004,000424.jpg,trafficsignal,circular,front,0.7039784352770247
c004,000425.jpg,trafficsignal,circular,front,0.7842086443303109
c004,000426.jpg,trafficsignal,rectangular,front,0.7
c004,000427.jpg,RubbishBins,,,
c004,000428.jpg,trafficsignal,circular,front,0.6915478278285878
c004,000429.jpg,Crosswalk,,,
c004,000430.jpg,trafficsignal,circular,front,0.6807171359978772
c004,000431.jpg,RubbishBins,,,
c004,000432.jpg,trafficsignal,rectangular,front,0.65
c004,000433.jpg,Crosswalk,,,
c004,000434.jpg,trafficsignal,rectangular,front,0.65
c004,000435.jpg,RubbishBins,,,
c004,000436.jpg,trafficsignal,rectangular,front,0.7
c004,000437.jpg,trafficsignal,rectangular,front,0.7
c004,000438.jpg,trafficsignal,circular,front,0.7539822368615504
c004,000439.jpg,Container,,,
c004,000440.jpg,trafficsignal,rectangular,front,0.5850000000000001
c004,000441.jpg,RubbishBins,,,
c004,000442.jpg,trafficsignal,circular,front,0.7351548953745067
c004,000443.jpg,trafficsignal,rectangular,front,0.7
c004,000444.jpg,trafficsignal,rectangular,front,0.7
c004,000445.jpg,trafficsignal,rectangular,front,0.63
c004,000446.jpg,trafficsignal,circular,front,0.95
c004,000447.jpg,trafficsignal,circular,front,0.95
c004,000448.jpg,trafficsignal,circular,front,0.95
c004,000449.jpg,trafficsignal,circular,front,0.7065383568598502
c004,000450.jpg,trafficsignal,rectangular,front,0.7
c004,000451.jpg,Container,,,
c004,000452.jpg,trafficsignal,circular,front,0.7061228024717953
c004,000453.jpg,trafficsignal,other,front,0.3
c004,000454.jpg,trafficsignal,rectangular,front,0.63
c004,000455.jpg,Container,,,
c004,000456.jpg,Container,,,
c004,000457.jpg,RubbishBins,,,
c004,000458.jpg,trafficsignal,circular,front,0.9077106843388761
c004,000459.jpg,trafficsignal,rectangular,front,0.8
c004,000460.jpg,Crosswalk,,,
c004,000461.jpg,trafficsignal,rectangular,front,0.7
c004,000462.jpg,trafficsignal,rectangular,front,0.8
c004,000463.jpg,trafficsignal,circular,front,0.6828503118459219
c004,000464.jpg,Container,,,
c004,000465.jpg,trafficsignal,circular,front,0.7064378483384545
c004,000466.jpg,Crosswalk,,,
c004,000467.jpg,RubbishBins,,,
c004,000468.jpg,trafficsignal,rectangular,front,0.8
c004,000469.jpg,trafficsignal,circular,front,0.6875056902126009
c004,000470.jpg,trafficsignal,circular,front,0.7068583470577033
c004,000471.jpg,trafficsignal,circular,front,0.9125993151025985
c004,000472.jpg,RubbishBins,,,
c004,000473.jpg,trafficsignal,rectangular,front,0.5850000000000001
c004,000474.jpg,Crosswalk,,,
c004,000475.jpg,Container,,,
c004,000476.jpg,trafficsignal,rectangular,front,0.63
c004,000477.jpg,Container,,,
c004,000478.jpg,trafficsignal,rectangular,front,0.7
c004,000479.jpg,Crosswalk,,,
c004,000480.jpg,Crosswalk,,,
c004,000481.jpg,trafficsignal,circular,front,0.692548261721747
c004,000482.jpg,trafficsignal,other,front,0.3
c004,000483.jpg,Crosswalk,,,
c004,000484.jpg,Crosswalk,,,
c004,000485.jpg,Container,,,
c004,000486.jpg,Crosswalk,,,
c004,000487.jpg,trafficsignal,circular,front,0.7203643091466948
c004,000488.jpg,Container,,,
c004,000489.jpg,RubbishBins,,,
c004,000490.jpg,RubbishBins,,,
c004,000491.jpg,trafficsignal,rectangular,front,0.5850000000000001
c004,000492.jpg,Container,,,
c004,000493.jpg,trafficsignal,other,front,0.3
c004,000494.jpg,trafficsignal,rectangular,front,0.63
c004,000495.jpg,Crosswalk,,,
c004,000496.jpg,trafficsignal,rectangular,front,0.63
c004,000497.jpg,Container,,,
c004,000498.jpg,trafficsignal,rectangular,front,0.65
c004,000499.jpg,trafficsignal,rectangular,front,0.5850000000000001
c004,000500.jpg,RubbishBins,,,
c004,000501.jpg,trafficsignal,triangular,front,0.7983223915100098
c004,000502.jpg,trafficsignal,rectangular,front,0.8
c004,000503.jpg,Container,,,
c004,000504.jpg,trafficsignal,rectangular,front,0.63
c004,000505.jpg,trafficsignal,rectangular,front,0.63
c004,000506.jpg,trafficsignal,circular,front,0.7849733942447185
c004,000507.jpg,Crosswalk,,,
c004,000508.jpg,trafficsignal,circular,front,0.7822252421088497
c004,000509.jpg,RubbishBins,,,
c004,000510.jpg,trafficsignal,circular,front,0.95
c004,000511.jpg,Crosswalk,,,
c004,000512.jpg,Container,,,
c004,000513.jpg,trafficsignal,circular,front,0.7068583470577033
c004,000514.jpg,trafficsignal,circular,front,0.95
c004,000515.jpg,trafficsignal,circular,front,0.7100595066237363
c004,000516.jpg,trafficsignal,circular,front,0.95
c004,000517.jpg,Container,,,
c004,000518.jpg,RubbishBins,,,
c004,000519.jpg,trafficsignal,rectangular,front,0.7
c004,000520.jpg,trafficsignal,rectangular,front,0.63
c004,000521.jpg,trafficsignal,circular,front,0.95
c004,000522.jpg,RubbishBins,,,
c004,000523.jpg,trafficsignal,rectangular,front,0.8
c004,000524.jpg,RubbishBins,,,
c004,000525.jpg,RubbishBins,,,
c004,000526.jpg,trafficsignal,circular,front,0.7190241215831779
c004,000527.jpg,RubbishBins,,,
c004,000528.jpg,trafficsignal,circular,front,0.6166795919335569
c004,000529.jpg,trafficsignal,circular,front,0.95
c004,000530.jpg,trafficsignal,circular,front,0.7068583470577035
c004,000531.jpg,trafficsignal,circular,front,0.7936078670167376
c004,000532.jpg,Container,,,
c004,000533.jpg,trafficsignal,other,front,0.3
c004,000534.jpg,Container,,,
c004,000535.jpg,trafficsignal,circular,front,0.7845808916353281
c004,000536.jpg,Crosswalk,,,
c004,000537.jpg,trafficsignal,octagonal,front,0.7200000000000001
c004,000538.jpg,trafficsignal,circular,front,0.7202279102061245
c004,000539.jpg,Container,,,
c004,000540.jpg,trafficsignal,rectangular,front,0.5850000000000001
c004,000541.jpg,trafficsignal,other,front,0.3
c004,000542.jpg,trafficsignal,circular,front,0.6925841577117501
c004,000543.jpg,RubbishBins,,,
c004,000544.jpg,trafficsignal,circular,front,0.727082112442958
c004,000545.jpg,trafficsignal,circular,front,0.95
c004,000546.jpg,trafficsignal,rectangular,front,0.7
c004,000547.jpg,Crosswalk,,,
c004,000548.jpg,trafficsignal,rectangular,front,0.8
c004,000549.jpg,trafficsignal,circular,front,0.7121963404280721
c004,000550.jpg,trafficsignal,octagonal,front,0.7200000000000001
c004,000551.jpg,trafficsignal,circular,front,0.7771362497785401
c004,000552.jpg,trafficsignal,circular,front,0.7621805547823941
c004,000553.jpg,trafficsignal,rectangular,front,0.63
c004,000554.jpg,trafficsignal,rectangular,front,0.63
c004,000555.jpg,trafficsignal,octagonal,front,0.7200000000000001
c004,000556.jpg,trafficsignal,circular,front,0.7068583470577035
c004,000557.jpg,trafficsignal,other,front,0.3
c004,000558.jpg,Crosswalk,,,
c004,000559.jpg,trafficsignal,rectangular,front,0.7
c004,000560.jpg,Container,,,
c004,000561.jpg,RubbishBins,,,
c004,000562.jpg,Container,,,
c004,000563.jpg,trafficsignal,circular,front,0.6722615338991541
c004,000564.jpg,RubbishBins,,,
c004,000565.jpg,RubbishBins,,,
c004,000566.jpg,trafficsignal,rectangular,front,0.5850000000000001
c004,000567.jpg,trafficsignal,rectangular,front,0.65
c004,000568.jpg,trafficsignal,octagonal,front,0.7200000000000001
c004,000569.jpg,Crosswalk,,,
c004,000570.jpg,trafficsignal,circular,front,0.95
c004,000571.jpg,Container,,,
c004,000572.jpg,trafficsignal,other,front,0.3
c004,000573.jpg,RubbishBins,,,
c004,000574.jpg,Crosswalk,,,
c004,000575.jpg,trafficsignal,rectangular,front,0.63
c004,000576.jpg,RubbishBins,,,
c004,000577.jpg,Container,,,
c004,000578.jpg,Crosswalk,,,
c004,000579.jpg,Crosswalk,,,
c004,000580.jpg,trafficsignal,circular,front,0.6427021851902073
c004,000581.jpg,trafficsignal,rectangular,front,0.63
c004,000582.jpg,trafficsignal,rectangular,front,0.63
c004,000583.jpg,trafficsignal,circular,front,0.6848379655664
c004,000584.jpg,Container,,,
c004,000585.jpg,Container,,,
c004,000586.jpg,trafficsignal,rectangular,front,0.8
c004,000587.jpg,trafficsignal,circular,front,0.95
c004,000588.jpg,trafficsignal,circular,front,0.95
c004,000589.jpg,Container,,,
c004,000590.jpg,trafficsignal,other,front,0.3
c004,000591.jpg,trafficsignal,circular,front,0.713483235663215
c004,000592.jpg,Crosswalk,,,
c004,000593.jpg,Container,,,
c004,000594.jpg,trafficsignal,rectangular,front,0.63
c004,000595.jpg,trafficsignal,circular,front,0.6767186985820582
c004,000596.jpg,Container,,,
c004,000597.jpg,trafficsignal,other,front,0.3
c004,000598.jpg,trafficsignal,circular,front,0.6279148438165846
c004,000599.jpg,trafficsignal,circular,front,0.7068583470577035
c004,000600.jpg,RubbishBins,,,
c004,000601.jpg,trafficsignal,circular,front,0.95
c004,000602.jpg,trafficsignal,rectangular,front,0.63
c004,000603.jpg,Container,,,
c004,000604.jpg,trafficsignal,rectangular,front,0.7
c004,000605.jpg,Crosswalk,,,
c004,000606.jpg,trafficsignal,rectangular,front,0.63
c004,000607.jpg,trafficsignal,rectangular,front,0.63
c004,000608.jpg,trafficsignal,rectangular,front,0.7
c004,000609.jpg,RubbishBins,,,
c004,000610.jpg,Container,,,
c004,000611.jpg,trafficsignal,rectangular,front,0.8
c004,000612.jpg,trafficsignal,circular,front,0.7804510850187796
c004,000613.jpg,trafficsignal,circular,front,0.7068583470577035
c004,000614.jpg,trafficsignal,other,front,0.3
c004,000615.jpg,Crosswalk,,,
c004,000616.jpg,trafficsignal,other,front,0.3
c004,000617.jpg,Crosswalk,,,
c004,000618.jpg,Container,,,
c004,000619.jpg,trafficsignal,rectangular,front,0.7
c004,000620.jpg,Container,,,
c004,000621.jpg,trafficsignal,rectangular,front,0.63
c004,000622.jpg,RubbishBins,,,
c004,000623.jpg,trafficsignal,circular,front,0.7839134787785496
c004,000624.jpg,trafficsignal,rectangular,front,0.7
c004,000625.jpg,trafficsignal,rectangular,front,0.5850000000000001
c004,000626.jpg,trafficsignal,rectangular,front,0.7
c004,000627.jpg,trafficsignal,rectangular,front,0.63
c004,000628.jpg,trafficsignal,rectangular,front,0.5850000000000001
c004,000629.jpg,Crosswalk,,,
c004,000630.jpg,Crosswalk,,,
c004,000631.jpg,trafficsignal,circular,front,0.7193659846516608
c004,000632.jpg,trafficsignal,rectangular,front,0.8
c004,000633.jpg,trafficsignal,rectangular,front,0.63
c004,000634.jpg,RubbishBins,,,
c004,000635.jpg,RubbishBins,,,
c004,000636.jpg,trafficsignal,other,front,0.3
c004,000637.jpg,trafficsignal,rectangular,front,0.63
c004,000638.jpg,Crosswalk,,,
c004,000639.jpg,trafficsignal,circular,front,0.746417235485619
c004,000640.jpg,trafficsignal,rectangular,front,0.63
c004,000641.jpg,trafficsignal,rectangular,front,0.65
c004,000642.jpg,Crosswalk,,,
c004,000643.jpg,trafficsignal,rectangular,front,0.5850000000000001
c004,000644.jpg,Crosswalk,,,
c004,000645.jpg,trafficsignal,circular,front,0.7118742035505796
c004,000646.jpg,Crosswalk,,,
c004,000647.jpg,trafficsignal,circular,front,0.7888485482553804
c004,000648.jpg,trafficsignal,circular,front,0.8001629550319126
c004,000649.jpg,Container,,,
c004,000650.jpg,trafficsignal,rectangular,front,0.63
c004,000651.jpg,trafficsignal,rectangular,front,0.5850000000000001
c004,000652.jpg,trafficsignal,octagonal,front,0.8
c004,000653.jpg,trafficsignal,rectangular,front,0.7
c004,000654.jpg,trafficsignal,rectangular,front,0.63
c004,000655.jpg,trafficsignal,rectangular,front,0.7
c004,000656.jpg,trafficsignal,circular,front,0.7794072502029985
c004,000657.jpg,trafficsignal,rectangular,front,0.5850000000000001
c004,000658.jpg,trafficsignal,circular,front,0.6876053774464176
c004,000659.jpg,Container,,,
c004,000660.jpg,RubbishBins,,,
c004,000661.jpg,RubbishBins,,,
c004,000662.jpg,RubbishBins,,,
c004,000663.jpg,trafficsignal,rectangular,front,0.63
c004,000664.jpg,trafficsignal,circular,front,0.6339218526106768
c004,000665.jpg,trafficsignal,circular,front,0.6834004271945647
c004,000666.jpg,Container,,,
c004,000667.jpg,trafficsignal,circular,front,0.7066067064927132
c004,000668.jpg,trafficsignal,octagonal,front,0.7200000000000001
c004,000669.jpg,RubbishBins,,,
c004,000670.jpg,trafficsignal,rectangular,front,0.7
c004,000671.jpg,trafficsignal,circular,front,0.7620510122857524
c004,000672.jpg,trafficsignal,circular,front,0.6452255249023438
c004,000673.jpg,Crosswalk,,,
c004,000674.jpg,trafficsignal,circular,front,0.8278584207531599
c004,000675.jpg,Container,,,
c004,000676.jpg,trafficsignal,circular,front,0.7636585965730448
c004,000677.jpg,Container,,,
c004,000678.jpg,Container,,,
c004,000679.jpg,trafficsignal,other,front,0.3
c004,000680.jpg,Container,,,
c004,000681.jpg,trafficsignal,circular,front,0.7802919864654542
c004,000682.jpg,trafficsignal,rectangular,front,0.63
c004,000683.jpg,trafficsignal,circular,front,0.7570206189375582
c004,000684.jpg,trafficsignal,rectangular,front,0.8
c004,000685.jpg,Container,,,
c004,000686.jpg,trafficsignal,rectangular,front,0.5850000000000001
c004,000687.jpg,trafficsignal,circular,front,0.7066482226976982
c004,000688.jpg,trafficsignal,rectangular,front,0.63
c004,000689.jpg,RubbishBins,,,
c004,000690.jpg,trafficsignal,other,front,0.3
c004,000691.jpg,trafficsignal,rectangular,front,0.65
c004,000692.jpg,trafficsignal,rectangular,front,0.8
c004,000693.jpg,RubbishBins,,,
c004,000694.jpg,trafficsignal,circular,front,0.95
c004,000695.jpg,trafficsignal,rectangular,front,0.7
c004,000696.jpg,Container,,,
c004,000697.jpg,trafficsignal,circular,front,0.7912650376350996
c004,000698.jpg,Container,,,
c004,000699.jpg,Container,,,
c004,000700.jpg,trafficsignal,rectangular,front,0.8
c004,000701.jpg,trafficsignal,circular,front,0.7479461669921875
c004,000702.jpg,trafficsignal,rectangular,front,0.7
c004,000703.jpg,Container,,,
c004,000704.jpg,trafficsignal,circular,front,0.7719328973319631
c004,000705.jpg,Container,,,
c004,000706.jpg,trafficsignal,circular,front,0.7022113601157609
c004,000707.jpg,trafficsignal,circular,front,0.7065865829873237
c004,000708.jpg,Container,,,
c004,000709.jpg,Crosswalk,,,
c004,000710.jpg,trafficsignal,circular,front,0.7623863350566903
c004,000711.jpg,Container,,,
c004,000712.jpg,trafficsignal,other,front,0.3
c004,000713.jpg,Container,,,
c004,000714.jpg,trafficsignal,circular,front,0.7950819940447894
c004,000715.jpg,trafficsignal,circular,front,0.95
c004,000716.jpg,trafficsignal,rectangular,front,0.63
c004,000717.jpg,Crosswalk,,,
c004,000718.jpg,trafficsignal,circular,front,0.6068249132649183
c004,000719.jpg,trafficsignal,rectangular,front,0.63
c004,000720.jpg,trafficsignal,circular,front,0.7807508369868126
c004,000721.jpg,RubbishBins,,,
c004,000722.jpg,trafficsignal,circular,front,0.693969676318277
c004,000723.jpg,RubbishBins,,,
c004,000724.jpg,Crosswalk,,,
c004,000725.jpg,trafficsignal,circular,front,0.7022113601157609
c004,000726.jpg,trafficsignal,rectangular,front,0.7
c004,000727.jpg,trafficsignal,circular,front,0.7816153117433603
c004,000728.jpg,Container,,,
c004,000729.jpg,trafficsignal,rectangular,front,0.7
c004,000730.jpg,trafficsignal,circular,front,0.7042087322624019
c004,000731.jpg,trafficsignal,circular,front,0.6862539098144985
c004,000732.jpg,Container,,,
c004,000733.jpg,Container,,,
c004,000734.jpg,Crosswalk,,,
c004,000735.jpg,trafficsignal,circular,front,0.95
c004,000736.jpg,Container,,,
c004,000737.jpg,trafficsignal,circular,front,0.7053952283855989
c004,000738.jpg,trafficsignal,rectangular,front,0.7
c004,000739.jpg,trafficsignal,circular,front,0.7064378483384545
c004,000740.jpg,Container,,,
c004,000741.jpg,Container,,,
c004,000742.jpg,trafficsignal,rectangular,front,0.63
c004,000743.jpg,RubbishBins,,,
c004,000744.jpg,trafficsignal,rectangular,front,0.7
c004,000745.jpg,Container,,,
c004,000746.jpg,trafficsignal,circular,front,0.7642803483483506
c004,000747.jpg,trafficsignal,octagonal,front,0.7200000000000001
c004,000748.jpg,trafficsignal,circular,front,0.7058887196954844
c004,000749.jpg,trafficsignal,sign_back,back,0.85
c004,000750.jpg,trafficsignal,circular,front,0.790039920759746
c004,000751.jpg,Crosswalk,,,
c004,000752.jpg,trafficsignal,circular,front,0.7662234035488777
c004,000753.jpg,trafficsignal,rectangular,front,0.7
c004,000754.jpg,trafficsignal,rectangular,front,0.63
c004,000755.jpg,trafficsignal,circular,front,0.6916452884674072
c004,000756.jpg,trafficsignal,rectangular,front,0.5850000000000001
c004,000757.jpg,trafficsignal,circular,front,0.751726207864248
c004,000758.jpg,trafficsignal,rectangular,front,0.63
c004,000759.jpg,trafficsignal,rectangular,front,0.7
c004,000760.jpg,Container,,,
c004,000761.jpg,trafficsignal,rectangular,front,0.5850000000000001
c004,000762.jpg,trafficsignal,rectangular,front,0.63
c004,000763.jpg,trafficsignal,circular,front,0.7852122703410229
c004,000764.jpg,RubbishBins,,,
c004,000765.jpg,Crosswalk,,,
c004,000766.jpg,trafficsignal,rectangular,front,0.63
c004,000767.jpg,trafficsignal,rectangular,front,0.7
c004,000768.jpg,Container,,,
c004,000769.jpg,trafficsignal,triangular,front,0.783581829071045
c004,000770.jpg,trafficsignal,rectangular,front,0.63
c004,000771.jpg,RubbishBins,,,
c004,000772.jpg,Container,,,
c004,000773.jpg,trafficsignal,rectangular,front,0.63
c004,000774.jpg,RubbishBins,,,
c004,000775.jpg,Container,,,
c004,000776.jpg,Container,,,
c004,000777.jpg,trafficsignal,rectangular,front,0.63
c004,000778.jpg,trafficsignal,circular,front,0.7066159402171487
c004,000779.jpg,trafficsignal,circular,front,0.95
c004,000780.jpg,trafficsignal,circular,front,0.7539822368615503
c004,000781.jpg,trafficsignal,rectangular,front,0.63
c004,000782.jpg,Crosswalk,,,
c004,000783.jpg,trafficsignal,rectangular,front,0.5850000000000001
c004,000784.jpg,Crosswalk,,,
c004,000785.jpg,trafficsignal,circular,front,0.71976113323682
c004,000786.jpg,trafficsignal,circular,front,0.7657297611685102
c004,000787.jpg,trafficsignal,circular,front,0.7064760548202467
c004,000788.jpg,trafficsignal,rectangular,front,0.63
c004,000789.jpg,Container,,,
c004,000790.jpg,Crosswalk,,,
c004,000791.jpg,RubbishBins,,,
c004,000792.jpg,Container,,,
c004,000793.jpg,trafficsignal,circular,front,0.6974349509377495
c004,000794.jpg,Container,,,
c004,000795.jpg,Container,,,
c004,000796.jpg,trafficsignal,circular,front,0.7068583470577035
c004,000797.jpg,Container,,,
c004,000798.jpg,trafficsignal,rectangular,front,0.5850000000000001
c004,000799.jpg,trafficsignal,rectangular,front,0.7
c004,000800.jpg,Container,,,
c004,000801.jpg,trafficsignal,rectangular,front,0.65
c004,000802.jpg,trafficsignal,circular,front,0.6798920424264927
c004,000803.jpg,trafficsignal,rectangular,front,0.7
c004,000804.jpg,trafficsignal,rectangular,front,0.7
c004,000805.jpg,trafficsignal,rectangular,front,0.63
c004,000806.jpg,trafficsignal,rectangular,front,0.8
c004,000807.jpg,Crosswalk,,,
c004,000808.jpg,trafficsignal,circular,front,0.7066802522360713
c004,000809.jpg,trafficsignal,sign_back,back,0.85
c004,000810.jpg,trafficsignal,rectangular,front,0.7
c004,000811.jpg,trafficsignal,circular,front,0.8579292672801492
c004,000812.jpg,trafficsignal,circular,front,0.7613512652731214
c004,000813.jpg,trafficsignal,circular,front,0.6752274816753137
c004,000814.jpg,trafficsignal,rectangular,front,0.5850000000000001
c004,000815.jpg,Container,,,
c004,000816.jpg,Crosswalk,,,
c004,000817.jpg,trafficsignal,circular,front,0.7997116088867188
c004,000818.jpg,trafficsignal,rectangular,front,0.8
c004,000819.jpg,trafficsignal,other,front,0.3
c004,000820.jpg,Container,,,
c004,000821.jpg,trafficsignal,circular,front,0.7757018897752576
c004,000822.jpg,trafficsignal,circular,front,0.7635815477475191
c004,000823.jpg,RubbishBins,,,
c004,000824.jpg,Crosswalk,,,
c004,000825.jpg,Container,,,
c004,000826.jpg,Crosswalk,,,
c004,000827.jpg,Container,,,
c004,000828.jpg,trafficsignal,rectangular,front,0.7
c004,000829.jpg,Crosswalk,,,
c004,000830.jpg,Container,,,
c004,000831.jpg,trafficsignal,other,front,0.3
c004,000832.jpg,trafficsignal,other,front,0.3
c004,000833.jpg,trafficsignal,other,front,0.3
c004,000834.jpg,trafficsignal,circular,front,0.5979334320477327
c004,000835.jpg,trafficsignal,rectangular,front,0.7
c004,000836.jpg,trafficsignal,rectangular,front,0.63
c004,000837.jpg,trafficsignal,circular,front,0.6764098386938793
c004,000838.jpg,trafficsignal,circular,front,0.95
c004,000839.jpg,trafficsignal,rectangular,front,0.7
c004,000840.jpg,Container,,,
c004,000841.jpg,trafficsignal,circular,front,0.95
c004,000842.jpg,trafficsignal,circular,front,0.7247434502045024
c004,000843.jpg,trafficsignal,other,front,0.3
c004,000844.jpg,Container,,,
c004,000845.jpg,trafficsignal,circular,front,0.6580319770728874
c004,000846.jpg,Container,,,
c004,000847.jpg,trafficsignal,circular,front,0.6998815882007783
c004,000848.jpg,Container,,,
c004,000849.jpg,Container,,,
c004,000850.jpg,RubbishBins,,,
c004,000851.jpg,trafficsignal,circular,front,0.95
c004,000852.jpg,RubbishBins,,,
c004,000853.jpg,trafficsignal,circular,front,0.7068583470577035
c004,000854.jpg,trafficsignal,other,front,0.3
c004,000855.jpg,Container,,,
c004,000856.jpg,Crosswalk,,,
c004,000857.jpg,trafficsignal,rectangular,front,0.65
c004,000858.jpg,trafficsignal,circular,front,0.758464070002474
c004,000859.jpg,trafficsignal,circular,front,0.5911386045371567
c004,000860.jpg,trafficsignal,rectangular,front,0.7
c004,000861.jpg,Container,,,
c004,000862.jpg,trafficsignal,circular,front,0.7063420151752654
c004,000863.jpg,trafficsignal,rectangular,front,0.7
c004,000864.jpg,trafficsignal,rectangular,front,0.7
c004,000865.jpg,Container,,,
c004,000866.jpg,trafficsignal,circular,front,0.6604806609563848
c004,000867.jpg,trafficsignal,circular,front,0.6997321082182016
c004,000868.jpg,trafficsignal,inverted_triangle,front,0.7988285064697266
c004,000869.jpg,trafficsignal,rectangular,front,0.63
c004,000870.jpg,trafficsignal,circular,front,0.7995954513549806
c004,000871.jpg,trafficsignal,circular,front,0.7996475696563721
c004,000872.jpg,Container,,,
c004,000873.jpg,trafficsignal,circular,front,0.5800132837902106
c004,000874.jpg,trafficsignal,circular,front,0.7847570220395729
c004,000875.jpg,trafficsignal,circular,front,0.7192322526257583
c004,000876.jpg,Container,,,
c004,000877.jpg,trafficsignal,circular,front,0.7997210502624512
c004,000878.jpg,trafficsignal,rectangular,front,0.5850000000000001
c004,000879.jpg,trafficsignal,octagonal,front,0.7200000000000001
c004,000880.jpg,trafficsignal,rectangular,front,0.8
c004,000881.jpg,trafficsignal,circular,front,0.95
c004,000882.jpg,trafficsignal,circular,front,0.7836172151811276
c004,000883.jpg,Container,,,
c004,000884.jpg,trafficsignal,rectangular,front,0.63
c004,000885.jpg,trafficsignal,octagonal,front,0.7200000000000001
c004,000886.jpg,trafficsignal,circular,front,0.5911994061375312
c004,000887.jpg,trafficsignal,rectangular,front,0.63
c004,000888.jpg,Crosswalk,,,
c004,000889.jpg,Container,,,
c004,000890.jpg,RubbishBins,,,
c004,000891.jpg,Container,,,
c004,000892.jpg,trafficsignal,sign_back,back,0.85
c004,000893.jpg,trafficsignal,circular,front,0.7661308837321603
c004,000894.jpg,trafficsignal,rectangular,front,0.65
c004,000895.jpg,Container,,,
c004,000896.jpg,Container,,,
c004,000897.jpg,trafficsignal,rectangular,front,0.63
c004,000898.jpg,trafficsignal,rectangular,front,0.63
c004,000899.jpg,trafficsignal,circular,front,0.718769460350339
c004,000900.jpg,trafficsignal,circular,front,0.7160596392613311
c004,000901.jpg,Crosswalk,,,
c004,000902.jpg,Container,,,
c004,000903.jpg,trafficsignal,rectangular,front,0.63
c004,000904.jpg,trafficsignal,circular,front,0.7635457199765893
c004,000905.jpg,Container,,,
c004,000906.jpg,Container,,,
c004,000907.jpg,trafficsignal,rectangular,front,0.5850000000000001
c004,000908.jpg,Container,,,
c004,000909.jpg,Container,,,
c004,000910.jpg,trafficsignal,octagonal,front,0.7200000000000001
c004,000911.jpg,Crosswalk,,,
c004,000912.jpg,RubbishBins,,,
c004,000913.jpg,trafficsignal,circular,front,0.7009227120281416
c004,000914.jpg,trafficsignal,rectangular,front,0.63
c004,000915.jpg,trafficsignal,circular,front,0.699067000771383
c004,000916.jpg,trafficsignal,circular,front,0.8017695088952705
c004,000917.jpg,trafficsignal,rectangular,front,0.7
c004,000918.jpg,RubbishBins,,,
c004,000919.jpg,Container,,,
c004,000920.jpg,Container,,,
c004,000921.jpg,trafficsignal,rectangular,front,0.63
c004,000922.jpg,trafficsignal,rectangular,front,0.8
c004,000923.jpg,trafficsignal,circular,front,0.7500588520967366
c004,000924.jpg,RubbishBins,,,
c004,000925.jpg,trafficsignal,circular,front,0.6784582551122483
c004,000926.jpg,trafficsignal,rectangular,front,0.8
c004,000927.jpg,trafficsignal,circular,front,0.95
c004,000928.jpg,RubbishBins,,,
