cameraID,imageName
c004,000001.jpg
c004,000002.jpg
c004,000003.jpg
c004,000004.jpg
c004,000005.jpg
c004,000006.jpg
c004,000007.jpg
c004,000008.jpg
c004,000009.jpg
c004,000010.jpg
c004,000011.jpg
c004,000012.jpg
c004,000013.jpg
c004,000014.jpg
c004,000015.jpg
c004,000016.jpg
c004,000017.jpg
c004,000018.jpg
c004,000019.jpg
c004,000020.jpg
c004,000021.jpg
c004,000022.jpg
c004,000023.jpg
c004,000024.jpg
c004,000025.jpg
c004,000026.jpg
c004,000027.jpg
c004,000028.jpg
c004,000029.jpg
c004,000030.jpg
c004,000031.jpg
c004,000032.jpg
c004,000033.jpg
c004,000034.jpg
c004,000035.jpg
c004,000036.jpg
c004,000037.jpg
c004,000038.jpg
c004,000039.jpg
c004,000040.jpg
c004,000041.jpg
c004,000042.jpg
c004,000043.jpg
c004,000044.jpg
c004,000045.jpg
c004,000046.jpg
c004,000047.jpg
c004,000048.jpg
c004,000049.jpg
c004,000050.jpg
c004,000051.jpg
c004,000052.jpg
c004,000053.jpg
c004,000054.jpg
c004,000055.jpg
c004,000056.jpg
c004,000057.jpg
c004,000058.jpg
c004,000059.jpg
c004,000060.jpg
c004,000061.jpg
c004,000062.jpg
c004,000063.jpg
c004,000064.jpg
c004,000065.jpg
c004,000066.jpg
c004,000067.jpg
c004,000068.jpg
c004,000069.jpg
c004,000070.jpg
c004,000071.jpg
c004,000072.jpg
c004,000073.jpg
c004,000074.jpg
c004,000075.jpg
c004,000076.jpg
c004,000077.jpg
c004,000078.jpg
c004,000079.jpg
c004,000080.jpg
c004,000081.jpg
c004,000082.jpg
c004,000083.jpg
c004,000084.jpg
c004,000085.jpg
c004,000086.jpg
c004,000087.jpg
c004,000088.jpg
c004,000089.jpg
c004,000090.jpg
c004,000091.jpg
c004,000092.jpg
c004,000093.jpg
c004,000094.jpg
c004,000095.jpg
c004,000096.jpg
c004,000097.jpg
c004,000098.jpg
c004,000099.jpg
c004,000100.jpg
c004,000101.jpg
c004,000102.jpg
c004,000103.jpg
c004,000104.jpg
c004,000105.jpg
c004,000106.jpg
c004,000107.jpg
c004,000108.jpg
c004,000109.jpg
c004,000110.jpg
c004,000111.jpg
c004,000112.jpg
c004,000113.jpg
c004,000114.jpg
c004,000115.jpg
c004,000116.jpg
c004,000117.jpg
c004,000118.jpg
c004,000119.jpg
c004,000120.jpg
c004,000121.jpg
c004,000122.jpg
c004,000123.jpg
c004,000124.jpg
c004,000125.jpg
c004,000126.jpg
c004,000127.jpg
c004,000128.jpg
c004,000129.jpg
c004,000130.jpg
c004,000131.jpg
c004,000132.jpg
c004,000133.jpg
c004,000134.jpg
c004,000135.jpg
c004,000136.jpg
c004,000137.jpg
c004,000138.jpg
c004,000139.jpg
c004,000140.jpg
c004,000141.jpg
c004,000142.jpg
c004,000143.jpg
c004,000144.jpg
c004,000145.jpg
c004,000146.jpg
c004,000147.jpg
c004,000148.jpg
c004,000149.jpg
c004,000150.jpg
c004,000151.jpg
c004,000152.jpg
c004,000153.jpg
c004,000154.jpg
c004,000155.jpg
c004,000156.jpg
c004,000157.jpg
c004,000158.jpg
c004,000159.jpg
c004,000160.jpg
c004,000161.jpg
c004,000162.jpg
c004,000163.jpg
c004,000164.jpg
c004,000165.jpg
c004,000166.jpg
c004,000167.jpg
c004,000168.jpg
c004,000169.jpg
c004,000170.jpg
c004,000171.jpg
c004,000172.jpg
c004,000173.jpg
c004,000174.jpg
c004,000175.jpg
c004,000176.jpg
c004,000177.jpg
c004,000178.jpg
c004,000179.jpg
c004,000180.jpg
c004,000181.jpg
c004,000182.jpg
c004,000183.jpg
c004,000184.jpg
c004,000185.jpg
c004,000186.jpg
c004,000187.jpg
c004,000188.jpg
c004,000189.jpg
c004,000190.jpg
c004,000191.jpg
c004,000192.jpg
c004,000193.jpg
c004,000194.jpg
c004,000195.jpg
c004,000196.jpg
c004,000197.jpg
c004,000198.jpg
c004,000199.jpg
c004,000200.jpg
c004,000201.jpg
c004,000202.jpg
c004,000203.jpg
c004,000204.jpg
c004,000205.jpg
c004,000206.jpg
c004,000207.jpg
c004,000208.jpg
c004,000209.jpg
c004,000210.jpg
c004,000211.jpg
c004,000212.jpg
c004,000213.jpg
c004,000214.jpg
c004,000215.jpg
c004,000216.jpg
c004,000217.jpg
c004,000218.jpg
c004,000219.jpg
c004,000220.jpg
c004,000221.jpg
c004,000222.jpg
c004,000223.jpg
c004,000224.jpg
c004,000225.jpg
c004,000226.jpg
c004,000227.jpg
c004,000228.jpg
c004,000229.jpg
c004,000230.jpg
c004,000231.jpg
c004,000232.jpg
c004,000233.jpg
c004,000234.jpg
c004,000235.jpg
c004,000236.jpg
c004,000237.jpg
c004,000238.jpg
c004,000239.jpg
c004,000240.jpg
c004,000241.jpg
c004,000242.jpg
c004,000243.jpg
c004,000244.jpg
c004,000245.jpg
c004,000246.jpg
c004,000247.jpg
c004,000248.jpg
c004,000249.jpg
c004,000250.jpg
c004,000251.jpg
c004,000252.jpg
c004,000253.jpg
c004,000254.jpg
c004,000255.jpg
c004,000256.jpg
c004,000257.jpg
c004,000258.jpg
c004,000259.jpg
c004,000260.jpg
c004,000261.jpg
c004,000262.jpg
c004,000263.jpg
c004,000264.jpg
c004,000265.jpg
c004,000266.jpg
c004,000267.jpg
c004,000268.jpg
c004,000269.jpg
c004,000270.jpg
c004,000271.jpg
c004,000272.jpg
c004,000273.jpg
c004,000274.jpg
c004,000275.jpg
c004,000276.jpg
c004,000277.jpg
c004,000278.jpg
c004,000279.jpg
c004,000280.jpg
c004,000281.jpg
c004,000282.jpg
c004,000283.jpg
c004,000284.jpg
c004,000285.jpg
c004,000286.jpg
c004,000287.jpg
c004,000288.jpg
c004,000289.jpg
c004,000290.jpg
c004,000291.jpg
c004,000292.jpg
c004,000293.jpg
c004,000294.jpg
c004,000295.jpg
c004,000296.jpg
c004,000297.jpg
c004,000298.jpg
c004,000299.jpg
c004,000300.jpg
c004,000301.jpg
c004,000302.jpg
c004,000303.jpg
c004,000304.jpg
c004,000305.jpg
c004,000306.jpg
c004,000307.jpg
c004,000308.jpg
c004,000309.jpg
c004,000310.jpg
c004,000311.jpg
c004,000312.jpg
c004,000313.jpg
c004,000314.jpg
c004,000315.jpg
c004,000316.jpg
c004,000317.jpg
c004,000318.jpg
c004,000319.jpg
c004,000320.jpg
c004,000321.jpg
c004,000322.jpg
c004,000323.jpg
c004,000324.jpg
c004,000325.jpg
c004,000326.jpg
c004,000327.jpg
c004,000328.jpg
c004,000329.jpg
c004,000330.jpg
c004,000331.jpg
c004,000332.jpg
c004,000333.jpg
c004,000334.jpg
c004,000335.jpg
c004,000336.jpg
c004,000337.jpg
c004,000338.jpg
c004,000339.jpg
c004,000340.jpg
c004,000341.jpg
c004,000342.jpg
c004,000343.jpg
c004,000344.jpg
c004,000345.jpg
c004,000346.jpg
c004,000347.jpg
c004,000348.jpg
c004,000349.jpg
c004,000350.jpg
c004,000351.jpg
c004,000352.jpg
c004,000353.jpg
c004,000354.jpg
c004,000355.jpg
c004,000356.jpg
c004,000357.jpg
c004,000358.jpg
c004,000359.jpg
c004,000360.jpg
c004,000361.jpg
c004,000362.jpg
c004,000363.jpg
c004,000364.jpg
c004,000365.jpg
c004,000366.jpg
c004,000367.jpg
c004,000368.jpg
c004,000369.jpg
c004,000370.jpg
c004,000371.jpg
c004,000372.jpg
c004,000373.jpg
c004,000374.jpg
c004,000375.jpg
c004,000376.jpg
c004,000377.jpg
c004,000378.jpg
c004,000379.jpg
c004,000380.jpg
c004,000381.jpg
c004,000382.jpg
c004,000383.jpg
c004,000384.jpg
c004,000385.jpg
c004,000386.jpg
c004,000387.jpg
c004,000388.jpg
c004,000389.jpg
c004,000390.jpg
c004,000391.jpg
c004,000392.jpg
c004,000393.jpg
c004,000394.jpg
c004,000395.jpg
c004,000396.jpg
c004,000397.jpg
c004,000398.jpg
c004,000399.jpg
c004,000400.jpg
c004,000401.jpg
c004,000402.jpg
c004,000403.jpg
c004,000404.jpg
c004,000405.jpg
c004,000406.jpg
c004,000407.jpg
c004,000408.jpg
c004,000409.jpg
c004,000410.jpg
c004,000411.jpg
c004,000412.jpg
c004,000413.jpg
c004,000414.jpg
c004,000415.jpg
c004,000416.jpg
c004,000417.jpg
c004,000418.jpg
c004,000419.jpg
c004,000420.jpg
c004,000421.jpg
c004,000422.jpg
c004,000423.jpg
c004,000424.jpg
c004,000425.jpg
c004,000426.jpg
c004,000427.jpg
c004,000428.jpg
c004,000429.jpg
c004,000430.jpg
c004,000431.jpg
c004,000432.jpg
c004,000433.jpg
c004,000434.jpg
c004,000435.jpg
c004,000436.jpg
c004,000437.jpg
c004,000438.jpg
c004,000439.jpg
c004,000440.jpg
c004,000441.jpg
c004,000442.jpg
c004,000443.jpg
c004,000444.jpg
c004,000445.jpg
c004,000446.jpg
c004,000447.jpg
c004,000448.jpg
c004,000449.jpg
c004,000450.jpg
c004,000451.jpg
c004,000452.jpg
c004,000453.jpg
c004,000454.jpg
c004,000455.jpg
c004,000456.jpg
c004,000457.jpg
c004,000458.jpg
c004,000459.jpg
c004,000460.jpg
c004,000461.jpg
c004,000462.jpg
c004,000463.jpg
c004,000464.jpg
c004,000465.jpg
c004,000466.jpg
c004,000467.jpg
c004,000468.jpg
c004,000469.jpg
c004,000470.jpg
c004,000471.jpg
c004,000472.jpg
c004,000473.jpg
c004,000474.jpg
c004,000475.jpg
c004,000476.jpg
c004,000477.jpg
c004,000478.jpg
c004,000479.jpg
c004,000480.jpg
c004,000481.jpg
c004,000482.jpg
c004,000483.jpg
c004,000484.jpg
c004,000485.jpg
c004,000486.jpg
c004,000487.jpg
c004,000488.jpg
c004,000489.jpg
c004,000490.jpg
c004,000491.jpg
c004,000492.jpg
c004,000493.jpg
c004,000494.jpg
c004,000495.jpg
c004,000496.jpg
c004,000497.jpg
c004,000498.jpg
c004,000499.jpg
c004,000500.jpg
c004,000501.jpg
c004,000502.jpg
c004,000503.jpg
c004,000504.jpg
c004,000505.jpg
c004,000506.jpg
c004,000507.jpg
c004,000508.jpg
c004,000509.jpg
c004,000510.jpg
c004,000511.jpg
c004,000512.jpg
c004,000513.jpg
c004,000514.jpg
c004,000515.jpg
c004,000516.jpg
c004,000517.jpg
c004,000518.jpg
c004,000519.jpg
c004,000520.jpg
c004,000521.jpg
c004,000522.jpg
c004,000523.jpg
c004,000524.jpg
c004,000525.jpg
c004,000526.jpg
c004,000527.jpg
c004,000528.jpg
c004,000529.jpg
c004,000530.jpg
c004,000531.jpg
c004,000532.jpg
c004,000533.jpg
c004,000534.jpg
c004,000535.jpg
c004,000536.jpg
c004,000537.jpg
c004,000538.jpg
c004,000539.jpg
c004,000540.jpg
c004,000541.jpg
c004,000542.jpg
c004,000543.jpg
c004,000544.jpg
c004,000545.jpg
c004,000546.jpg
c004,000547.jpg
c004,000548.jpg
c004,000549.jpg
c004,000550.jpg
c004,000551.jpg
c004,000552.jpg
c004,000553.jpg
c004,000554.jpg
c004,000555.jpg
c004,000556.jpg
c004,000557.jpg
c004,000558.jpg
c004,000559.jpg
c004,000560.jpg
c004,000561.jpg
c004,000562.jpg
c004,000563.jpg
c004,000564.jpg
c004,000565.jpg
c004,000566.jpg
c004,000567.jpg
c004,000568.jpg
c004,000569.jpg
c004,000570.jpg
c004,000571.jpg
c004,000572.jpg
c004,000573.jpg
c004,000574.jpg
c004,000575.jpg
c004,000576.jpg
c004,000577.jpg
c004,000578.jpg
c004,000579.jpg
c004,000580.jpg
c004,000581.jpg
c004,000582.jpg
c004,000583.jpg
c004,000584.jpg
c004,000585.jpg
c004,000586.jpg
c004,000587.jpg
c004,000588.jpg
c004,000589.jpg
c004,000590.jpg
c004,000591.jpg
c004,000592.jpg
c004,000593.jpg
c004,000594.jpg
c004,000595.jpg
c004,000596.jpg
c004,000597.jpg
c004,000598.jpg
c004,000599.jpg
c004,000600.jpg
c004,000601.jpg
c004,000602.jpg
c004,000603.jpg
c004,000604.jpg
c004,000605.jpg
c004,000606.jpg
c004,000607.jpg
c004,000608.jpg
c004,000609.jpg
c004,000610.jpg
c004,000611.jpg
c004,000612.jpg
c004,000613.jpg
c004,000614.jpg
c004,000615.jpg
c004,000616.jpg
c004,000617.jpg
c004,000618.jpg
c004,000619.jpg
c004,000620.jpg
c004,000621.jpg
c004,000622.jpg
c004,000623.jpg
c004,000624.jpg
c004,000625.jpg
c004,000626.jpg
c004,000627.jpg
c004,000628.jpg
c004,000629.jpg
c004,000630.jpg
c004,000631.jpg
c004,000632.jpg
c004,000633.jpg
c004,000634.jpg
c004,000635.jpg
c004,000636.jpg
c004,000637.jpg
c004,000638.jpg
c004,000639.jpg
c004,000640.jpg
c004,000641.jpg
c004,000642.jpg
c004,000643.jpg
c004,000644.jpg
c004,000645.jpg
c004,000646.jpg
c004,000647.jpg
c004,000648.jpg
c004,000649.jpg
c004,000650.jpg
c004,000651.jpg
c004,000652.jpg
c004,000653.jpg
c004,000654.jpg
c004,000655.jpg
c004,000656.jpg
c004,000657.jpg
c004,000658.jpg
c004,000659.jpg
c004,000660.jpg
c004,000661.jpg
c004,000662.jpg
c004,000663.jpg
c004,000664.jpg
c004,000665.jpg
c004,000666.jpg
c004,000667.jpg
c004,000668.jpg
c004,000669.jpg
c004,000670.jpg
c004,000671.jpg
c004,000672.jpg
c004,000673.jpg
c004,000674.jpg
c004,000675.jpg
c004,000676.jpg
c004,000677.jpg
c004,000678.jpg
c004,000679.jpg
c004,000680.jpg
c004,000681.jpg
c004,000682.jpg
c004,000683.jpg
c004,000684.jpg
c004,000685.jpg
c004,000686.jpg
c004,000687.jpg
c004,000688.jpg
c004,000689.jpg
c004,000690.jpg
c004,000691.jpg
c004,000692.jpg
c004,000693.jpg
c004,000694.jpg
c004,000695.jpg
c004,000696.jpg
c004,000697.jpg
c004,000698.jpg
c004,000699.jpg
c004,000700.jpg
c004,000701.jpg
c004,000702.jpg
c004,000703.jpg
c004,000704.jpg
c004,000705.jpg
c004,000706.jpg
c004,000707.jpg
c004,000708.jpg
c004,000709.jpg
c004,000710.jpg
c004,000711.jpg
c004,000712.jpg
c004,000713.jpg
c004,000714.jpg
c004,000715.jpg
c004,000716.jpg
c004,000717.jpg
c004,000718.jpg
c004,000719.jpg
c004,000720.jpg
c004,000721.jpg
c004,000722.jpg
c004,000723.jpg
c004,000724.jpg
c004,000725.jpg
c004,000726.jpg
c004,000727.jpg
c004,000728.jpg
c004,000729.jpg
c004,000730.jpg
c004,000731.jpg
c004,000732.jpg
c004,000733.jpg
c004,000734.jpg
c004,000735.jpg
c004,000736.jpg
c004,000737.jpg
c004,000738.jpg
c004,000739.jpg
c004,000740.jpg
c004,000741.jpg
c004,000742.jpg
c004,000743.jpg
c004,000744.jpg
c004,000745.jpg
c004,000746.jpg
c004,000747.jpg
c004,000748.jpg
c004,000749.jpg
c004,000750.jpg
c004,000751.jpg
c004,000752.jpg
c004,000753.jpg
c004,000754.jpg
c004,000755.jpg
c004,000756.jpg
c004,000757.jpg
c004,000758.jpg
c004,000759.jpg
c004,000760.jpg
c004,000761.jpg
c004,000762.jpg
c004,000763.jpg
c004,000764.jpg
c004,000765.jpg
c004,000766.jpg
c004,000767.jpg
c004,000768.jpg
c004,000769.jpg
c004,000770.jpg
c004,000771.jpg
c004,000772.jpg
c004,000773.jpg
c004,000774.jpg
c004,000775.jpg
c004,000776.jpg
c004,000777.jpg
c004,000778.jpg
c004,000779.jpg
c004,000780.jpg
c004,000781.jpg
c004,000782.jpg
c004,000783.jpg
c004,000784.jpg
c004,000785.jpg
c004,000786.jpg
c004,000787.jpg
c004,000788.jpg
c004,000789.jpg
c004,000790.jpg
c004,000791.jpg
c004,000792.jpg
c004,000793.jpg
c004,000794.jpg
c004,000795.jpg
c004,000796.jpg
c004,000797.jpg
c004,000798.jpg
c004,000799.jpg
c004,000800.jpg
c004,000801.jpg
c004,000802.jpg
c004,000803.jpg
c004,000804.jpg
c004,000805.jpg
c004,000806.jpg
c004,000807.jpg
c004,000808.jpg
c004,000809.jpg
c004,000810.jpg
c004,000811.jpg
c004,000812.jpg
c004,000813.jpg
c004,000814.jpg
c004,000815.jpg
c004,000816.jpg
c004,000817.jpg
c004,000818.jpg
c004,000819.jpg
c004,000820.jpg
c004,000821.jpg
c004,000822.jpg
c004,000823.jpg
c004,000824.jpg
c004,000825.jpg
c004,000826.jpg
c004,000827.jpg
c004,000828.jpg
c004,000829.jpg
c004,000830.jpg
c004,000831.jpg
c004,000832.jpg
c004,000833.jpg
c004,000834.jpg
c004,000835.jpg
c004,000836.jpg
c004,000837.jpg
c004,000838.jpg
c004,000839.jpg
c004,000840.jpg
c004,000841.jpg
c004,000842.jpg
c004,000843.jpg
c004,000844.jpg
c004,000845.jpg
c004,000846.jpg
c004,000847.jpg
c004,000848.jpg
c004,000849.jpg
c004,000850.jpg
c004,000851.jpg
c004,000852.jpg
c004,000853.jpg
c004,000854.jpg
c004,000855.jpg
c004,000856.jpg
c004,000857.jpg
c004,000858.jpg
c004,000859.jpg
c004,000860.jpg
c004,000861.jpg
c004,000862.jpg
c004,000863.jpg
c004,000864.jpg
c004,000865.jpg
c004,000866.jpg
c004,000867.jpg
c004,000868.jpg
c004,000869.jpg
c004,000870.jpg
c004,000871.jpg
c004,000872.jpg
c004,000873.jpg
c004,000874.jpg
c004,000875.jpg
c004,000876.jpg
c004,000877.jpg
c004,000878.jpg
c004,000879.jpg
c004,000880.jpg
c004,000881.jpg
c004,000882.jpg
c004,000883.jpg
c004,000884.jpg
c004,000885.jpg
c004,000886.jpg
c004,000887.jpg
c004,000888.jpg
c004,000889.jpg
c004,000890.jpg
c004,000891.jpg
c004,000892.jpg
c004,000893.jpg
c004,000894.jpg
c004,000895.jpg
c004,000896.jpg
c004,000897.jpg
c004,000898.jpg
c004,000899.jpg
c004,000900.jpg
c004,000901.jpg
c004,000902.jpg
c004,000903.jpg
c004,000904.jpg
c004,000905.jpg
c004,000906.jpg
c004,000907.jpg
c004,000908.jpg
c004,000909.jpg
c004,000910.jpg
c004,000911.jpg
c004,000912.jpg
c004,000913.jpg
c004,000914.jpg
c004,000915.jpg
c004,000916.jpg
c004,000917.jpg
c004,000918.jpg
c004,000919.jpg
c004,000920.jpg
c004,000921.jpg
c004,000922.jpg
c004,000923.jpg
c004,000924.jpg
c004,000925.jpg
c004,000926.jpg
c004,000927.jpg
c004,000928.jpg
