objectID,representative_img,primary_camera,n_images,subclass
2,urban/008791.jpg,c001,9,
3,urban/010307.jpg,c002,2,
4,urban/005464.jpg,c003,4,
6,urban/000929.jpg,c001,3,
7,urban/003308.jpg,c001,3,
9,urban/010503.jpg,c001,2,
10,urban/006020.jpg,c002,14,
11,urban/000346.jpg,c001,6,
12,urban/008146.jpg,c001,9,
14,urban/000410.jpg,c003,21,
15,urban/003561.jpg,c002,4,
16,urban/000403.jpg,c002,16,
17,urban/003897.jpg,c001,4,
18,urban/003504.jpg,c001,4,
21,urban/005308.jpg,c001,4,
22,urban/002820.jpg,c003,6,
23,urban/009288.jpg,c001,10,
24,urban/010828.jpg,c003,2,
26,urban/007340.jpg,c003,15,
27,urban/000164.jpg,c001,17,
28,urban/006630.jpg,c001,1,
29,urban/006289.jpg,c003,2,
32,urban/005832.jpg,c001,28,
33,urban/011007.jpg,c003,2,
34,urban/008441.jpg,c001,12,
35,urban/003162.jpg,c003,5,
36,urban/007388.jpg,c001,2,
37,urban/004596.jpg,c002,8,
38,urban/000102.jpg,c002,17,
39,urban/000498.jpg,c003,16,
41,urban/000798.jpg,c001,7,
42,urban/001666.jpg,c003,8,
43,urban/000126.jpg,c003,7,
44,urban/002293.jpg,c002,4,
45,urban/010683.jpg,c001,13,
46,urban/009764.jpg,c003,13,
47,urban/004888.jpg,c001,4,
48,urban/005982.jpg,c001,1,
49,urban/007561.jpg,c001,3,
50,urban/009693.jpg,c003,10,
51,urban/010204.jpg,c003,13,
52,urban/008210.jpg,c002,4,
53,urban/007726.jpg,c003,15,
54,urban/004921.jpg,c001,11,
55,urban/000077.jpg,c002,16,
56,urban/009282.jpg,c001,9,
57,urban/001303.jpg,c001,20,
60,urban/000325.jpg,c001,16,
61,urban/009114.jpg,c001,2,
62,urban/003753.jpg,c003,24,
63,urban/000046.jpg,c003,17,
64,urban/005108.jpg,c001,3,
65,urban/003889.jpg,c003,11,
66,urban/001790.jpg,c003,7,
67,urban/007642.jpg,c003,15,
69,urban/001265.jpg,c002,7,
70,urban/005500.jpg,c001,15,
71,urban/007862.jpg,c003,2,
72,urban/008104.jpg,c002,9,
73,urban/009692.jpg,c003,12,
75,urban/004892.jpg,c002,11,
76,urban/010025.jpg,c002,14,
78,urban/000244.jpg,c002,21,
81,urban/008591.jpg,c003,9,
82,urban/006562.jpg,c003,11,
83,urban/009018.jpg,c003,10,
84,urban/001599.jpg,c002,21,
86,urban/005868.jpg,c003,23,
88,urban/007712.jpg,c003,14,
89,urban/001022.jpg,c003,3,
90,urban/000134.jpg,c002,3,
91,urban/000426.jpg,c002,21,
93,urban/004680.jpg,c001,5,
94,urban/001515.jpg,c002,8,
95,urban/002970.jpg,c003,8,
97,urban/007059.jpg,c003,10,
98,urban/008932.jpg,c003,10,
99,urban/004154.jpg,c002,5,
101,urban/010238.jpg,c002,1,
102,urban/000420.jpg,c003,7,
103,urban/001671.jpg,c002,7,
104,urban/002121.jpg,c002,6,
106,urban/005059.jpg,c001,11,
107,urban/000094.jpg,c001,7,
108,urban/001555.jpg,c003,5,
109,urban/006111.jpg,c003,15,
110,urban/007927.jpg,c001,1,
112,urban/001217.jpg,c002,16,
113,urban/007669.jpg,c003,2,
114,urban/005564.jpg,c001,9,
116,urban/000389.jpg,c002,6,
118,urban/000036.jpg,c002,21,
120,urban/001087.jpg,c003,6,
121,urban/000620.jpg,c003,22,
122,urban/003948.jpg,c002,5,
123,urban/000093.jpg,c001,6,
124,urban/000233.jpg,c002,22,
125,urban/010479.jpg,c001,13,
126,urban/000904.jpg,c003,18,
128,urban/009140.jpg,c001,12,
129,urban/006367.jpg,c003,15,
132,urban/007834.jpg,c003,15,
133,urban/009407.jpg,c001,9,
134,urban/000155.jpg,c001,18,
135,urban/009358.jpg,c001,10,
136,urban/005273.jpg,c003,11,
137,urban/001653.jpg,c001,8,
138,urban/007174.jpg,c003,11,
143,urban/008485.jpg,c001,12,
145,urban/008717.jpg,c002,12,
148,urban/001120.jpg,c001,6,
149,urban/008996.jpg,c002,4,
150,urban/005302.jpg,c002,6,
151,urban/001508.jpg,c002,8,
152,urban/009547.jpg,c001,12,
153,urban/002465.jpg,c001,6,
154,urban/002598.jpg,c003,7,
156,urban/000737.jpg,c001,17,
158,urban/003730.jpg,c002,8,
159,urban/004341.jpg,c001,4,
161,urban/010111.jpg,c001,12,
163,urban/001633.jpg,c002,8,
165,urban/004119.jpg,c001,24,
166,urban/000072.jpg,c003,6,
167,urban/006107.jpg,c003,2,
168,urban/004211.jpg,c002,3,
171,urban/000335.jpg,c003,16,
173,urban/008543.jpg,c003,2,
174,urban/008359.jpg,c002,15,
176,urban/007871.jpg,c002,9,
177,urban/001808.jpg,c002,8,
178,urban/010583.jpg,c003,13,
179,urban/002419.jpg,c002,6,
180,urban/001431.jpg,c001,6,
182,urban/006232.jpg,c002,3,
183,urban/000914.jpg,c002,6,
184,urban/000254.jpg,c001,18,
185,urban/000689.jpg,c001,18,
186,urban/000188.jpg,c003,7,
187,urban/005910.jpg,c001,11,
188,urban/000802.jpg,c001,16,
189,urban/001838.jpg,c002,5,
190,urban/009437.jpg,c003,9,
193,urban/005283.jpg,c003,1,
194,urban/000898.jpg,c002,8,
195,urban/000012.jpg,c002,18,
196,urban/005548.jpg,c003,11,
197,urban/007215.jpg,c002,9,
200,urban/005120.jpg,c001,5,
202,urban/001476.jpg,c001,8,
203,urban/000133.jpg,c001,7,
206,urban/000982.jpg,c003,20,
207,urban/000055.jpg,c002,17,
208,urban/003772.jpg,c003,11,
209,urban/000678.jpg,c003,3,
211,urban/010488.jpg,c001,10,
212,urban/000030.jpg,c002,18,
213,urban/010547.jpg,c003,10,
216,urban/000565.jpg,c003,18,
217,urban/005188.jpg,c003,8,
218,urban/000003.jpg,c001,3,
219,urban/008777.jpg,c002,4,
222,urban/001592.jpg,c002,7,
223,urban/001465.jpg,c002,8,
224,urban/010561.jpg,c001,1,
225,urban/004181.jpg,c001,6,
226,urban/009446.jpg,c001,12,
227,urban/009311.jpg,c002,10,
228,urban/001152.jpg,c003,6,
229,urban/003377.jpg,c002,5,
230,urban/010209.jpg,c001,13,
231,urban/001793.jpg,c002,3,
232,urban/002824.jpg,c003,3,
233,urban/000645.jpg,c001,7,
234,urban/000170.jpg,c001,21,
235,urban/000586.jpg,c001,8,
236,urban/000279.jpg,c002,3,
237,urban/004272.jpg,c002,5,
238,urban/009388.jpg,c003,13,
243,urban/000193.jpg,c001,16,
244,urban/005728.jpg,c001,4,
245,urban/000941.jpg,c002,7,
246,urban/002875.jpg,c001,7,
247,urban/003238.jpg,c002,5,
248,urban/006079.jpg,c001,4,
249,urban/010856.jpg,c001,2,
251,urban/010320.jpg,c001,13,
253,urban/006973.jpg,c001,10,
254,urban/010474.jpg,c003,12,
255,urban/009193.jpg,c001,9,
256,urban/004318.jpg,c001,3,
257,urban/009913.jpg,c001,2,
258,urban/001788.jpg,c003,17,
259,urban/010554.jpg,c003,13,
263,urban/006888.jpg,c003,1,
264,urban/000859.jpg,c001,16,
266,urban/000674.jpg,c001,21,
267,urban/000156.jpg,c002,21,
268,urban/000753.jpg,c003,6,
269,urban/010358.jpg,c001,12,
270,urban/000542.jpg,c001,8,
271,urban/000739.jpg,c001,20,
272,urban/000049.jpg,c003,7,
275,urban/006184.jpg,c003,5,
276,urban/000685.jpg,c002,3,
278,urban/002451.jpg,c001,3,
279,urban/000593.jpg,c003,18,
280,urban/010199.jpg,c001,12,
281,urban/000165.jpg,c002,7,
282,urban/000990.jpg,c002,22,
283,urban/004616.jpg,c001,5,
285,urban/007566.jpg,c001,12,
286,urban/000704.jpg,c003,5,
287,urban/001920.jpg,c003,3,
289,urban/002332.jpg,c002,5,
290,urban/000171.jpg,c003,7,
291,urban/000416.jpg,c003,22,
292,urban/000022.jpg,c002,18,
294,urban/001364.jpg,c003,1,
295,urban/003206.jpg,c001,3,
296,urban/007552.jpg,c001,9,
297,urban/001734.jpg,c001,5,
299,urban/003926.jpg,c001,5,
300,urban/003519.jpg,c001,8,
301,urban/002719.jpg,c001,27,
303,urban/001806.jpg,c002,8,
304,urban/000980.jpg,c003,5,
305,urban/007205.jpg,c002,1,
307,urban/005946.jpg,c001,15,
308,urban/009879.jpg,c003,9,
309,urban/007647.jpg,c001,14,
311,urban/001049.jpg,c003,5,
312,urban/008885.jpg,c001,9,
313,urban/002658.jpg,c001,5,
315,urban/009834.jpg,c002,9,
316,urban/002063.jpg,c003,6,
317,urban/006402.jpg,c002,1,
319,urban/002294.jpg,c001,5,
320,urban/001269.jpg,c002,16,
321,urban/009090.jpg,c003,13,
322,urban/006920.jpg,c002,15,
323,urban/001443.jpg,c002,7,
324,urban/002378.jpg,c002,4,
327,urban/009785.jpg,c001,13,
328,urban/010321.jpg,c003,13,
329,urban/009300.jpg,c002,12,
330,urban/005131.jpg,c002,4,
331,urban/001479.jpg,c002,6,
334,urban/007973.jpg,c003,15,
335,urban/006998.jpg,c003,9,
336,urban/000892.jpg,c001,16,
337,urban/001150.jpg,c001,7,
338,urban/003861.jpg,c002,8,
339,urban/004523.jpg,c002,11,
340,urban/011063.jpg,c001,1,
341,urban/007790.jpg,c003,1,
342,urban/001117.jpg,c002,8,
343,urban/000042.jpg,c001,16,
345,urban/010736.jpg,c001,9,
346,urban/002782.jpg,c001,5,
347,urban/000092.jpg,c001,17,
348,urban/010034.jpg,c003,1,
350,urban/001339.jpg,c002,16,
351,urban/004912.jpg,c001,8,
352,urban/007231.jpg,c003,15,
353,urban/003768.jpg,c003,24,
355,urban/004988.jpg,c003,11,
356,urban/000784.jpg,c003,1,
357,urban/006955.jpg,c003,15,
358,urban/006438.jpg,c001,9,
359,urban/004411.jpg,c001,2,
360,urban/007928.jpg,c003,2,
361,urban/009808.jpg,c001,12,
362,urban/005416.jpg,c003,3,
363,urban/000834.jpg,c003,18,
367,urban/004403.jpg,c001,15,
371,urban/000246.jpg,c003,3,
372,urban/010341.jpg,c002,1,
373,urban/007505.jpg,c001,10,
374,urban/004772.jpg,c002,3,
376,urban/006036.jpg,c001,4,
377,urban/004025.jpg,c002,3,
378,urban/006924.jpg,c003,8,
379,urban/009377.jpg,c002,13,
380,urban/001033.jpg,c003,18,
381,urban/000015.jpg,c001,16,
382,urban/010016.jpg,c002,10,
383,urban/000658.jpg,c003,16,
384,urban/000128.jpg,c001,17,
385,urban/000734.jpg,c002,17,
386,urban/002347.jpg,c002,26,
388,urban/005618.jpg,c003,3,
392,urban/006750.jpg,c001,12,
393,urban/000976.jpg,c003,3,
394,urban/002863.jpg,c003,4,
398,urban/000132.jpg,c001,22,
399,urban/002227.jpg,c001,3,
400,urban/001202.jpg,c003,8,
401,urban/002676.jpg,c001,7,
403,urban/006160.jpg,c003,4,
405,urban/006128.jpg,c002,1,
407,urban/000947.jpg,c001,7,
408,urban/001618.jpg,c002,17,
411,urban/001006.jpg,c001,16,
412,urban/006989.jpg,c003,8,
413,urban/010900.jpg,c003,12,
414,urban/002162.jpg,c002,6,
415,urban/009949.jpg,c003,3,
417,urban/001804.jpg,c002,7,
419,urban/000111.jpg,c001,6,
420,urban/000640.jpg,c001,19,
421,urban/010687.jpg,c001,12,
422,urban/000192.jpg,c001,17,
423,urban/007183.jpg,c002,11,
424,urban/003575.jpg,c001,8,
425,urban/002303.jpg,c002,2,
426,urban/002066.jpg,c002,8,
427,urban/000359.jpg,c003,6,
428,urban/000373.jpg,c003,16,
429,urban/003487.jpg,c001,8,
432,urban/003910.jpg,c003,3,
434,urban/000388.jpg,c002,17,
436,urban/000501.jpg,c003,17,
438,urban/001228.jpg,c001,21,
439,urban/006986.jpg,c002,15,
440,urban/000104.jpg,c001,18,
441,urban/007964.jpg,c001,2,
443,urban/008286.jpg,c003,12,
444,urban/001062.jpg,c001,7,
445,urban/001212.jpg,c003,3,
446,urban/010589.jpg,c002,10,
447,urban/002410.jpg,c002,3,
449,urban/003418.jpg,c003,6,
450,urban/005595.jpg,c001,1,
451,urban/010230.jpg,c002,12,
452,urban/003827.jpg,c003,7,
453,urban/001400.jpg,c002,16,
454,urban/009156.jpg,c002,13,
455,urban/008558.jpg,c003,9,
456,urban/007376.jpg,c002,13,
457,urban/007774.jpg,c002,15,
458,urban/000913.jpg,c002,19,
459,urban/007652.jpg,c002,9,
460,urban/006716.jpg,c002,15,
461,urban/001767.jpg,c002,6,
462,urban/002554.jpg,c003,2,
463,urban/002818.jpg,c002,4,
464,urban/000496.jpg,c002,3,
465,urban/000809.jpg,c001,17,
466,urban/008416.jpg,c001,9,
467,urban/005686.jpg,c001,7,
468,urban/002560.jpg,c001,5,
469,urban/008939.jpg,c003,9,
470,urban/000552.jpg,c003,8,
472,urban/007857.jpg,c003,9,
473,urban/002943.jpg,c003,7,
475,urban/002348.jpg,c002,3,
476,urban/002435.jpg,c003,6,
477,urban/000975.jpg,c003,7,
478,urban/007771.jpg,c003,15,
479,urban/000759.jpg,c002,7,
480,urban/006501.jpg,c001,8,
484,urban/003568.jpg,c003,6,
485,urban/007846.jpg,c003,14,
486,urban/001829.jpg,c002,6,
487,urban/000131.jpg,c003,20,
488,urban/000676.jpg,c003,3,
492,urban/007717.jpg,c001,10,
494,urban/007535.jpg,c003,3,
495,urban/009686.jpg,c002,9,
496,urban/001460.jpg,c001,3,
497,urban/009017.jpg,c001,23,
498,urban/000629.jpg,c002,16,
499,urban/008920.jpg,c001,15,
501,urban/006707.jpg,c001,15,
502,urban/001374.jpg,c003,3,
503,urban/002333.jpg,c001,6,
504,urban/008393.jpg,c003,15,
506,urban/006887.jpg,c001,5,
507,urban/007110.jpg,c001,14,
510,urban/009727.jpg,c002,2,
511,urban/006095.jpg,c001,5,
512,urban/002806.jpg,c003,8,
513,urban/001094.jpg,c003,7,
514,urban/007179.jpg,c001,3,
515,urban/001402.jpg,c002,6,
516,urban/009432.jpg,c001,13,
518,urban/000536.jpg,c003,3,
519,urban/008961.jpg,c003,1,
520,urban/006138.jpg,c003,5,
525,urban/000687.jpg,c002,16,
526,urban/000026.jpg,c002,16,
527,urban/005669.jpg,c001,1,
529,urban/007985.jpg,c002,14,
530,urban/002365.jpg,c001,3,
534,urban/002228.jpg,c002,8,
535,urban/000446.jpg,c001,16,
536,urban/000482.jpg,c001,7,
537,urban/001858.jpg,c003,6,
538,urban/005096.jpg,c002,5,
540,urban/000851.jpg,c003,3,
543,urban/001380.jpg,c002,18,
545,urban/002963.jpg,c003,11,
546,urban/005590.jpg,c001,8,
547,urban/000355.jpg,c001,3,
549,urban/010814.jpg,c002,13,
550,urban/008208.jpg,c001,11,
551,urban/008202.jpg,c003,15,
552,urban/000212.jpg,c001,20,
553,urban/010274.jpg,c002,9,
554,urban/000837.jpg,c002,8,
556,urban/003029.jpg,c001,2,
558,urban/000849.jpg,c002,7,
560,urban/007697.jpg,c003,14,
561,urban/006851.jpg,c002,15,
562,urban/000031.jpg,c001,16,
563,urban/002715.jpg,c003,4,
565,urban/000684.jpg,c001,21,
567,urban/000905.jpg,c002,1,
568,urban/000772.jpg,c002,6,
569,urban/000008.jpg,c002,18,
570,urban/000803.jpg,c001,8,
571,urban/004677.jpg,c001,11,
572,urban/010943.jpg,c002,13,
573,urban/000423.jpg,c003,21,
574,urban/001540.jpg,c001,7,
578,urban/002614.jpg,c003,4,
579,urban/003121.jpg,c001,24,
581,urban/000922.jpg,c001,3,
582,urban/001535.jpg,c001,20,
583,urban/001956.jpg,c002,6,
584,urban/002546.jpg,c003,8,
588,urban/004538.jpg,c003,11,
589,urban/007996.jpg,c003,10,
591,urban/005981.jpg,c003,14,
592,urban/006546.jpg,c003,11,
593,urban/010633.jpg,c002,9,
594,urban/003977.jpg,c002,3,
595,urban/009655.jpg,c002,9,
596,urban/002155.jpg,c001,6,
597,urban/010195.jpg,c002,12,
598,urban/007526.jpg,c003,1,
599,urban/000454.jpg,c003,1,
600,urban/009357.jpg,c003,13,
601,urban/007530.jpg,c001,9,
602,urban/001859.jpg,c002,3,
605,urban/000866.jpg,c001,17,
606,urban/010405.jpg,c001,9,
607,urban/008336.jpg,c003,12,
608,urban/006626.jpg,c003,3,
609,urban/001940.jpg,c003,3,
611,urban/007836.jpg,c001,15,
612,urban/010273.jpg,c002,13,
614,urban/009837.jpg,c002,2,
615,urban/001254.jpg,c002,8,
616,urban/007974.jpg,c003,10,
617,urban/009654.jpg,c001,2,
618,urban/006400.jpg,c003,15,
619,urban/003535.jpg,c001,5,
620,urban/003781.jpg,c001,6,
621,urban/006532.jpg,c003,3,
624,urban/008982.jpg,c001,12,
626,urban/000588.jpg,c002,7,
628,urban/000127.jpg,c002,18,
629,urban/000810.jpg,c003,17,
630,urban/001300.jpg,c002,1,
631,urban/010408.jpg,c002,30,
632,urban/005734.jpg,c003,4,
634,urban/010331.jpg,c003,10,
636,urban/001270.jpg,c002,5,
637,urban/002535.jpg,c001,3,
639,urban/006637.jpg,c003,2,
642,urban/002429.jpg,c001,11,
643,urban/002838.jpg,c002,8,
645,urban/004140.jpg,c001,5,
646,urban/009885.jpg,c002,12,
647,urban/009077.jpg,c002,13,
648,urban/005506.jpg,c002,11,
649,urban/000537.jpg,c001,6,
650,urban/003477.jpg,c001,28,
652,urban/001368.jpg,c001,6,
653,urban/006223.jpg,c003,11,
654,urban/006784.jpg,c001,13,
655,urban/000266.jpg,c003,6,
656,urban/000726.jpg,c001,17,
657,urban/006102.jpg,c001,11,
658,urban/004669.jpg,c003,5,
659,urban/006922.jpg,c003,9,
660,urban/000945.jpg,c001,4,
661,urban/005481.jpg,c002,9,
662,urban/000409.jpg,c001,18,
663,urban/008883.jpg,c003,10,
667,urban/007316.jpg,c003,10,
668,urban/004113.jpg,c002,5,
669,urban/008072.jpg,c001,10,
670,urban/001046.jpg,c003,16,
671,urban/000114.jpg,c001,7,
672,urban/000400.jpg,c002,19,
673,urban/000109.jpg,c002,19,
674,urban/000921.jpg,c001,3,
675,urban/008999.jpg,c001,12,
676,urban/009479.jpg,c001,9,
678,urban/009569.jpg,c001,9,
679,urban/006252.jpg,c001,4,
681,urban/001738.jpg,c002,4,
682,urban/004963.jpg,c002,8,
683,urban/008461.jpg,c002,10,
684,urban/000177.jpg,c001,5,
685,urban/000079.jpg,c001,3,
686,urban/003901.jpg,c002,1,
687,urban/001978.jpg,c002,6,
688,urban/004037.jpg,c001,4,
689,urban/000217.jpg,c001,8,
690,urban/004296.jpg,c002,11,
691,urban/000768.jpg,c002,8,
692,urban/001697.jpg,c003,8,
693,urban/010746.jpg,c001,12,
694,urban/002726.jpg,c003,3,
695,urban/004261.jpg,c001,4,
696,urban/000843.jpg,c003,4,
697,urban/010463.jpg,c003,9,
698,urban/008425.jpg,c003,15,
700,urban/001933.jpg,c001,8,
701,urban/010843.jpg,c003,10,
702,urban/008151.jpg,c002,12,
705,urban/005556.jpg,c003,5,
706,urban/009181.jpg,c001,9,
708,urban/003251.jpg,c001,5,
709,urban/007439.jpg,c002,12,
710,urban/007851.jpg,c003,14,
711,urban/005594.jpg,c001,8,
712,urban/000223.jpg,c003,18,
713,urban/010187.jpg,c001,12,
714,urban/006753.jpg,c003,5,
715,urban/000138.jpg,c002,6,
716,urban/002128.jpg,c001,16,
718,urban/004291.jpg,c002,11,
719,urban/010699.jpg,c002,14,
721,urban/003954.jpg,c002,5,
723,urban/000453.jpg,c002,3,
724,urban/000954.jpg,c002,19,
725,urban/006449.jpg,c003,14,
726,urban/002172.jpg,c003,5,
727,urban/000120.jpg,c003,7,
728,urban/002973.jpg,c001,8,
729,urban/000465.jpg,c001,5,
732,urban/005346.jpg,c003,1,
734,urban/004277.jpg,c003,6,
735,urban/009748.jpg,c002,9,
737,urban/005930.jpg,c003,14,
739,urban/002634.jpg,c001,7,
741,urban/001510.jpg,c001,3,
742,urban/000499.jpg,c003,8,
743,urban/008293.jpg,c002,31,
745,urban/000451.jpg,c003,7,
747,urban/010203.jpg,c002,9,
748,urban/001042.jpg,c001,6,
750,urban/002925.jpg,c001,7,
751,urban/002771.jpg,c001,8,
754,urban/000322.jpg,c001,6,
755,urban/008303.jpg,c001,15,
758,urban/001154.jpg,c001,19,
759,urban/008531.jpg,c001,5,
761,urban/003089.jpg,c001,25,
763,urban/008606.jpg,c001,3,
766,urban/001565.jpg,c001,8,
767,urban/002683.jpg,c003,8,
768,urban/008705.jpg,c001,2,
770,urban/001187.jpg,c002,8,
771,urban/009251.jpg,c002,13,
773,urban/009787.jpg,c002,10,
774,urban/000742.jpg,c001,17,
775,urban/006800.jpg,c002,11,
778,urban/010239.jpg,c003,10,
779,urban/006317.jpg,c001,5,
780,urban/002529.jpg,c001,4,
781,urban/001275.jpg,c003,3,
782,urban/010716.jpg,c003,1,
783,urban/009730.jpg,c003,10,
784,urban/000915.jpg,c001,3,
785,urban/006578.jpg,c003,14,
786,urban/009546.jpg,c001,10,
787,urban/009656.jpg,c003,13,
788,urban/003160.jpg,c003,5,
789,urban/010388.jpg,c001,12,
790,urban/000732.jpg,c002,3,
793,urban/000488.jpg,c001,17,
794,urban/004010.jpg,c003,1,
795,urban/011154.jpg,c003,1,
797,urban/000390.jpg,c001,18,
798,urban/009788.jpg,c003,9,
799,urban/004891.jpg,c001,4,
800,urban/002455.jpg,c001,4,
803,urban/006273.jpg,c003,11,
804,urban/000274.jpg,c003,7,
806,urban/009471.jpg,c001,12,
807,urban/008820.jpg,c001,14,
809,urban/007730.jpg,c003,4,
812,urban/000201.jpg,c003,19,
814,urban/009115.jpg,c001,13,
815,urban/003099.jpg,c001,7,
817,urban/004170.jpg,c001,11,
818,urban/000968.jpg,c001,17,
820,urban/003833.jpg,c001,3,
822,urban/009162.jpg,c001,9,
823,urban/000927.jpg,c002,20,
824,urban/001448.jpg,c003,4,
825,urban/007743.jpg,c002,15,
826,urban/009108.jpg,c001,14,
827,urban/009036.jpg,c001,14,
829,urban/000531.jpg,c002,18,
830,urban/001638.jpg,c001,7,
831,urban/008141.jpg,c001,11,
833,urban/002565.jpg,c001,3,
834,urban/008034.jpg,c002,12,
835,urban/001563.jpg,c001,7,
836,urban/002265.jpg,c001,6,
838,urban/009514.jpg,c001,13,
839,urban/000456.jpg,c001,21,
840,urban/002644.jpg,c002,3,
841,urban/000143.jpg,c003,20,
842,urban/000651.jpg,c003,3,
843,urban/001108.jpg,c002,20,
845,urban/005193.jpg,c001,4,
846,urban/005678.jpg,c001,11,
847,urban/004301.jpg,c001,14,
848,urban/007936.jpg,c001,12,
850,urban/004139.jpg,c001,27,
851,urban/007278.jpg,c003,14,
853,urban/009258.jpg,c003,10,
854,urban/002572.jpg,c003,3,
856,urban/002687.jpg,c002,3,
858,urban/008568.jpg,c001,12,
859,urban/000445.jpg,c002,7,
860,urban/006877.jpg,c003,14,
861,urban/005377.jpg,c001,14,
863,urban/001578.jpg,c003,18,
866,urban/000862.jpg,c001,3,
867,urban/006213.jpg,c003,1,
868,urban/002789.jpg,c001,8,
870,urban/007867.jpg,c002,14,
872,urban/001299.jpg,c002,7,
873,urban/010243.jpg,c001,12,
874,urban/000885.jpg,c002,19,
875,urban/004474.jpg,c003,4,
878,urban/004065.jpg,c002,3,
879,urban/009345.jpg,c003,9,
881,urban/007226.jpg,c001,23,
882,urban/007010.jpg,c001,9,
883,urban/001353.jpg,c003,3,
886,urban/000865.jpg,c001,17,
890,urban/000032.jpg,c001,19,
891,urban/007330.jpg,c001,14,
892,urban/000402.jpg,c003,6,
894,urban/008665.jpg,c002,15,
895,urban/005037.jpg,c001,1,
897,urban/005309.jpg,c001,4,
898,urban/007628.jpg,c002,4,
899,urban/001474.jpg,c001,7,
900,urban/000074.jpg,c002,21,
902,urban/001939.jpg,c001,8,
903,urban/000584.jpg,c001,22,
904,urban/003069.jpg,c001,4,
906,urban/000100.jpg,c003,7,
908,urban/004858.jpg,c002,3,
909,urban/006088.jpg,c001,11,
912,urban/000984.jpg,c003,3,
913,urban/001363.jpg,c002,3,
914,urban/001166.jpg,c002,7,
915,urban/001464.jpg,c001,7,
916,urban/001934.jpg,c002,17,
917,urban/008109.jpg,c003,1,
918,urban/005904.jpg,c001,15,
919,urban/005240.jpg,c001,5,
920,urban/000473.jpg,c001,7,
921,urban/000150.jpg,c002,7,
924,urban/001066.jpg,c002,18,
925,urban/008209.jpg,c002,9,
927,urban/003472.jpg,c001,3,
928,urban/000381.jpg,c002,5,
931,urban/000296.jpg,c002,6,
932,urban/000239.jpg,c003,22,
934,urban/000011.jpg,c003,19,
935,urban/009709.jpg,c002,2,
936,urban/010019.jpg,c003,10,
938,urban/008197.jpg,c003,9,
940,urban/007149.jpg,c001,15,
941,urban/009349.jpg,c002,10,
942,urban/009007.jpg,c003,10,
944,urban/008679.jpg,c002,2,
945,urban/009284.jpg,c001,9,
948,urban/010293.jpg,c001,12,
949,urban/006694.jpg,c003,15,
950,urban/007845.jpg,c001,14,
951,urban/003970.jpg,c002,1,
952,urban/008371.jpg,c001,10,
953,urban/002406.jpg,c003,7,
954,urban/002641.jpg,c003,8,
956,urban/000185.jpg,c003,6,
960,urban/000627.jpg,c002,21,
961,urban/007659.jpg,c001,9,
962,urban/000419.jpg,c002,3,
964,urban/009955.jpg,c001,4,
965,urban/000096.jpg,c001,18,
966,urban/001036.jpg,c002,3,
968,urban/010861.jpg,c001,13,
972,urban/002260.jpg,c002,5,
973,urban/002310.jpg,c001,5,
974,urban/010464.jpg,c001,10,
975,urban/007702.jpg,c001,15,
976,urban/010065.jpg,c003,2,
977,urban/000351.jpg,c003,8,
979,urban/003071.jpg,c002,4,
980,urban/002549.jpg,c002,5,
981,urban/001860.jpg,c001,18,
982,urban/003237.jpg,c001,6,
983,urban/002285.jpg,c003,4,
984,urban/000108.jpg,c001,19,
985,urban/001267.jpg,c001,7,
987,urban/000017.jpg,c003,7,
989,urban/004117.jpg,c002,5,
990,urban/001257.jpg,c001,3,
992,urban/010501.jpg,c003,13,
993,urban/003011.jpg,c001,3,
994,urban/005591.jpg,c001,11,
995,urban/003261.jpg,c002,5,
996,urban/004652.jpg,c003,4,
997,urban/004071.jpg,c003,8,
998,urban/009533.jpg,c001,12,
999,urban/000175.jpg,c001,17,
1000,urban/004928.jpg,c003,4,
1001,urban/004051.jpg,c002,3,
1002,urban/008763.jpg,c001,10,
1003,urban/000845.jpg,c002,7,
1004,urban/001395.jpg,c001,6,
1006,urban/000427.jpg,c002,20,
1007,urban/002681.jpg,c003,7,
1008,urban/007332.jpg,c001,15,
1009,urban/002431.jpg,c002,8,
1010,urban/002113.jpg,c002,3,
1011,urban/004027.jpg,c001,3,
1012,urban/006698.jpg,c003,2,
1013,urban/007286.jpg,c003,11,
1015,urban/000082.jpg,c003,19,
1016,urban/000116.jpg,c002,7,
1017,urban/008386.jpg,c003,1,
1018,urban/004968.jpg,c001,11,
1019,urban/001190.jpg,c001,1,
1021,urban/000575.jpg,c003,6,
1022,urban/008676.jpg,c002,15,
1023,urban/007571.jpg,c002,11,
1024,urban/000125.jpg,c001,6,
1025,urban/001593.jpg,c003,5,
1028,urban/006264.jpg,c003,11,
1033,urban/010894.jpg,c003,12,
1034,urban/002133.jpg,c001,8,
1035,urban/001302.jpg,c001,5,
1036,urban/002752.jpg,c001,11,
1037,urban/003536.jpg,c002,5,
1038,urban/007806.jpg,c001,13,
1039,urban/002335.jpg,c001,5,
1040,urban/006418.jpg,c002,14,
1045,urban/005407.jpg,c002,1,
1046,urban/009190.jpg,c002,12,
1047,urban/007161.jpg,c003,15,
1048,urban/008060.jpg,c002,12,
1049,urban/000306.jpg,c001,7,
1050,urban/003773.jpg,c001,5,
1052,urban/003070.jpg,c001,11,
1053,urban/002551.jpg,c001,3,
1054,urban/004957.jpg,c003,15,
1055,urban/008384.jpg,c001,13,
1056,urban/006807.jpg,c001,5,
1057,urban/004457.jpg,c003,5,
1059,urban/000285.jpg,c002,21,
1060,urban/001774.jpg,c003,6,
1061,urban/010590.jpg,c002,13,
1062,urban/001683.jpg,c001,5,
1063,urban/010073.jpg,c001,9,
1065,urban/006714.jpg,c001,15,
1067,urban/001749.jpg,c002,6,
1068,urban/010244.jpg,c001,12,
1069,urban/008739.jpg,c003,9,
1072,urban/010177.jpg,c003,10,
1073,urban/005754.jpg,c001,25,
1074,urban/008363.jpg,c001,2,
1075,urban/001629.jpg,c003,7,
1076,urban/009702.jpg,c001,2,
1077,urban/010927.jpg,c002,13,
1078,urban/006852.jpg,c003,15,
1079,urban/009833.jpg,c001,2,
1080,urban/008495.jpg,c003,12,
1081,urban/009403.jpg,c001,10,
1082,urban/000149.jpg,c001,6,
1084,urban/000589.jpg,c003,18,
1085,urban/001955.jpg,c001,18,
1086,urban/000643.jpg,c003,20,
1087,urban/004880.jpg,c003,11,
1088,urban/000085.jpg,c001,17,
1089,urban/004933.jpg,c001,9,
1096,uam/005315.jpg,c003,14,
1099,uam/005813.jpg,c003,9,
1101,uam/000612.jpg,c003,8,
1102,uam/003773.jpg,c003,15,
1103,uam/006009.jpg,c003,10,
1106,uam/005243.jpg,c003,9,
1107,uam/002832.jpg,c003,27,
1111,uam/005729.jpg,c003,12,
1112,uam/003940.jpg,c003,15,
1115,uam/003213.jpg,c002,14,
1117,uam/000027.jpg,c003,22,
1120,uam/000030.jpg,c003,3,
1121,uam/005423.jpg,c003,12,
1124,uam/005884.jpg,c003,9,
1125,uam/000035.jpg,c003,17,
1126,uam/000036.jpg,c003,17,
1128,uam/006079.jpg,c003,10,
1130,uam/000042.jpg,c003,6,
1135,uam/000049.jpg,c003,22,
1136,uam/000050.jpg,c003,6,
1138,uam/000054.jpg,c002,6,
1139,uam/000055.jpg,c003,16,
1140,uam/000056.jpg,c003,21,
1142,uam/003344.jpg,c003,23,
1145,uam/001249.jpg,c003,8,
1149,uam/000068.jpg,c003,17,
1150,uam/003987.jpg,c003,9,
1153,uam/001073.jpg,c003,25,
1154,uam/000073.jpg,c003,6,
1155,uam/000074.jpg,c003,19,
1156,uam/000075.jpg,c003,16,
1157,uam/004762.jpg,c003,13,
1158,uam/005489.jpg,c003,12,
1160,uam/006109.jpg,c003,13,
1164,uam/003465.jpg,c003,14,
1165,uam/005672.jpg,c003,12,
1166,uam/001043.jpg,c002,4,
1168,uam/004844.jpg,c003,10,
1171,uam/005284.jpg,c001,9,
1174,uam/000710.jpg,c003,8,
1177,uam/003615.jpg,c003,14,
1179,uam/000111.jpg,c003,6,
1180,uam/004911.jpg,c003,9,
1181,uam/005794.jpg,c003,13,
1182,uam/003005.jpg,c003,15,
1183,uam/000128.jpg,c003,4,
1185,uam/005504.jpg,c003,13,
1186,uam/000121.jpg,c003,18,
1187,uam/001849.jpg,c003,8,
1188,uam/004910.jpg,c003,14,
1189,uam/000126.jpg,c003,16,
1190,uam/000127.jpg,c001,6,
1191,uam/000141.jpg,c003,8,
1192,uam/000130.jpg,c001,19,
1194,uam/000132.jpg,c003,18,
1196,uam/004086.jpg,c003,23,
1198,uam/005348.jpg,c003,13,
1199,uam/003068.jpg,c003,11,
1200,uam/006266.jpg,c003,13,
1203,uam/005404.jpg,c003,12,
1204,uam/004121.jpg,c003,15,
1205,uam/005274.jpg,c003,10,
1207,uam/000623.jpg,c003,8,
1209,uam/000155.jpg,c003,16,
1212,uam/000161.jpg,c003,17,
1214,uam/002536.jpg,c003,8,
1216,uam/001791.jpg,c003,8,
1218,uam/005013.jpg,c003,15,
1219,uam/000218.jpg,c003,8,
1220,uam/000176.jpg,c003,22,
1221,uam/001239.jpg,c003,5,
1222,uam/000673.jpg,c003,5,
1223,uam/001111.jpg,c003,8,
1227,uam/004912.jpg,c003,10,
1230,uam/001267.jpg,c003,5,
1231,uam/003878.jpg,c003,15,
1233,uam/005487.jpg,c003,12,
1235,uam/004943.jpg,c003,10,
1236,uam/000205.jpg,c003,19,
1237,uam/004928.jpg,c002,10,
1238,uam/002681.jpg,c003,11,
1239,uam/004569.jpg,c003,15,
1241,uam/000212.jpg,c003,16,
1242,uam/006199.jpg,c003,12,
1243,uam/003710.jpg,c003,5,
1244,uam/004603.jpg,c003,15,
1245,uam/000217.jpg,c003,6,
1246,uam/005136.jpg,c003,12,
1250,uam/000225.jpg,c001,18,
1251,uam/000718.jpg,c003,8,
1252,uam/003782.jpg,c003,14,
1253,uam/000228.jpg,c003,7,
1256,uam/005918.jpg,c003,10,
1257,uam/004371.jpg,c003,15,
1258,uam/004498.jpg,c003,14,
1260,uam/005767.jpg,c003,10,
1261,uam/000507.jpg,c003,8,
1262,uam/005700.jpg,c003,9,
1265,uam/000246.jpg,c003,6,
1266,uam/000247.jpg,c003,6,
1267,uam/000249.jpg,c003,18,
1268,uam/004655.jpg,c003,13,
1269,uam/003665.jpg,c003,14,
1275,uam/005638.jpg,c003,13,
1278,uam/003198.jpg,c003,5,
1280,uam/000897.jpg,c003,8,
1284,uam/005283.jpg,c003,14,
1285,uam/000476.jpg,c003,4,
1286,uam/000278.jpg,c003,7,
1290,uam/005355.jpg,c001,13,
1295,uam/000298.jpg,c003,16,
1296,uam/005935.jpg,c003,13,
1297,uam/001300.jpg,c003,8,
1301,uam/004897.jpg,c003,10,
1303,uam/000318.jpg,c003,16,
1305,uam/004970.jpg,c003,23,
1306,uam/000322.jpg,c003,22,
1307,uam/000323.jpg,c003,20,
1308,uam/000324.jpg,c003,17,
1313,uam/006003.jpg,c003,13,
1315,uam/005588.jpg,c003,13,
1316,uam/006049.jpg,c003,13,
1317,uam/000347.jpg,c003,16,
1319,uam/000350.jpg,c003,20,
1320,uam/000351.jpg,c003,17,
1322,uam/001725.jpg,c002,5,
1323,uam/003835.jpg,c003,11,
1324,uam/000360.jpg,c003,17,
1326,uam/002878.jpg,c003,11,
1327,uam/000365.jpg,c003,20,
1328,uam/005061.jpg,c003,15,
1329,uam/000367.jpg,c003,7,
1334,uam/006159.jpg,c003,13,
1335,uam/003393.jpg,c003,11,
1337,uam/005766.jpg,c003,10,
1339,uam/005992.jpg,c003,12,
1341,uam/005416.jpg,c003,10,
1342,uam/000396.jpg,c003,22,
1343,uam/002389.jpg,c003,27,
1346,uam/005330.jpg,c003,10,
1347,uam/000408.jpg,c003,6,
1349,uam/004361.jpg,c001,15,
1350,uam/002785.jpg,c001,8,
1351,uam/006304.jpg,c003,9,
1353,uam/005664.jpg,c003,10,
1354,uam/000420.jpg,c003,17,
1355,uam/000852.jpg,c003,4,
1357,uam/003898.jpg,c003,11,
1359,uam/000430.jpg,c003,6,
1360,uam/005743.jpg,c003,12,
1362,uam/006122.jpg,c003,29,
1363,uam/000449.jpg,c003,21,
1364,uam/002392.jpg,c003,11,
1365,uam/000454.jpg,c003,6,
1368,uam/004493.jpg,c001,15,
1370,uam/000479.jpg,c003,16,
1371,uam/001322.jpg,c003,5,
1372,uam/002699.jpg,c003,5,
1373,uam/000604.jpg,c003,8,
1374,uam/001894.jpg,c003,4,
1375,uam/006165.jpg,c003,13,
1380,uam/000512.jpg,c003,6,
1383,uam/003042.jpg,c003,10,
1384,uam/002908.jpg,c003,4,
1385,uam/006095.jpg,c003,13,
1386,uam/000529.jpg,c003,20,
1387,uam/005712.jpg,c003,10,
1389,uam/004500.jpg,c003,9,
1391,uam/000558.jpg,c003,16,
1392,uam/001811.jpg,c003,11,
1395,uam/004739.jpg,c003,13,
1396,uam/001353.jpg,c003,4,
1398,uam/000586.jpg,c003,7,
1399,uam/000588.jpg,c003,6,
1401,uam/001089.jpg,c003,5,
1403,uam/005129.jpg,c003,13,
1407,uam/000608.jpg,c001,6,
1409,uam/000611.jpg,c003,7,
1410,uam/000616.jpg,c003,16,
1412,uam/000619.jpg,c003,21,
1413,uam/000621.jpg,c003,19,
1416,uam/001776.jpg,c003,11,
1417,uam/001878.jpg,c003,4,
1418,uam/000906.jpg,c003,8,
1420,uam/001162.jpg,c003,4,
1421,uam/000659.jpg,c003,17,
1425,uam/006020.jpg,c003,9,
1426,uam/000676.jpg,c002,21,
1428,uam/000681.jpg,c003,17,
1429,uam/005410.jpg,c003,13,
1431,uam/000693.jpg,c003,20,
1433,uam/000720.jpg,c003,6,
1437,uam/005180.jpg,c003,12,
1439,uam/005856.jpg,c003,10,
1440,uam/000765.jpg,c003,7,
1442,uam/004572.jpg,c003,14,
1443,uam/000781.jpg,c003,3,
1444,uam/005816.jpg,c003,13,
1447,uam/005866.jpg,c003,13,
1448,uam/001517.jpg,c003,8,
1450,uam/001007.jpg,c003,5,
1451,uam/001287.jpg,c003,5,
1452,uam/004720.jpg,c001,9,
1453,uam/000827.jpg,c003,7,
1455,uam/004306.jpg,c003,11,
1456,uam/004840.jpg,c003,9,
1457,uam/004288.jpg,c003,12,
1461,uam/005717.jpg,c003,9,
1462,uam/000866.jpg,c001,3,
1463,uam/000872.jpg,c003,3,
1464,uam/000886.jpg,c003,18,
1465,uam/001562.jpg,c003,8,
1468,uam/004717.jpg,c003,9,
1470,uam/006345.jpg,c003,13,
1472,uam/002524.jpg,c003,11,
1474,uam/001021.jpg,c003,8,
1475,uam/000972.jpg,c003,7,
1476,uam/002534.jpg,c003,5,
1477,uam/000987.jpg,c002,7,
1478,uam/001577.jpg,c003,8,
1479,uam/005168.jpg,c001,9,
1480,uam/003041.jpg,c003,24,
1481,uam/001681.jpg,c001,11,
1486,uam/005820.jpg,c003,10,
1488,uam/004140.jpg,c002,9,
1491,uam/001406.jpg,c003,8,
1492,uam/005608.jpg,c003,10,
1493,uam/005264.jpg,c003,9,
1494,uam/001097.jpg,c002,18,
1495,uam/004427.jpg,c003,13,
1496,uam/001130.jpg,c003,17,
1497,uam/001135.jpg,c003,7,
1498,uam/002660.jpg,c003,5,
1500,uam/001153.jpg,c003,7,
1503,uam/001188.jpg,c003,7,
1505,uam/005571.jpg,c003,13,
1506,uam/006148.jpg,c003,9,
1507,uam/003223.jpg,c003,5,
1508,uam/005890.jpg,c003,10,
1509,uam/002834.jpg,c003,5,
1511,uam/001900.jpg,c003,8,
1512,uam/003214.jpg,c003,15,
1513,uam/001266.jpg,c003,7,
1514,uam/005292.jpg,c003,14,
1517,uam/002374.jpg,c003,5,
1518,uam/005642.jpg,c003,10,
1522,uam/001430.jpg,c003,7,
1523,uam/001443.jpg,c003,6,
1528,uam/001508.jpg,c002,3,
1529,uam/006229.jpg,c003,12,
1531,uam/005159.jpg,c003,10,
1532,uam/004093.jpg,c003,10,
1533,uam/005511.jpg,c003,12,
1534,uam/001620.jpg,c003,7,
1535,uam/004734.jpg,c002,9,
1536,uam/005138.jpg,c003,2,
1538,uam/005899.jpg,c003,9,
1539,uam/002208.jpg,c003,4,
1540,uam/005755.jpg,c001,10,
1541,uam/005212.jpg,c003,10,
1542,uam/001926.jpg,c003,4,
1544,uam/001889.jpg,c003,7,
1545,uam/006059.jpg,c003,10,
1546,uam/001995.jpg,c003,4,
1548,uam/002058.jpg,c003,16,
1549,uam/002586.jpg,c003,8,
1550,uam/002110.jpg,c003,6,
1552,uam/002289.jpg,c003,4,
1554,uam/002873.jpg,c003,8,
1557,uam/002509.jpg,c002,3,
1558,uam/002711.jpg,c003,6,
1559,uam/004898.jpg,c001,2,
1561,uam/004396.jpg,c002,9,
1562,uam/002903.jpg,c003,4,
1563,uam/003965.jpg,c002,2,
1564,uam/003015.jpg,c003,7,
1566,uam/003196.jpg,c003,7,
1567,uam/004350.jpg,c002,4,
1569,uam/005247.jpg,c003,5,
1570,uam/005269.jpg,c003,3,
